timestamp,asset_id,utilization,asset_type,group,power_idle,power_peak,capacity,memory_utilization,disk_io,network_io,business_critical,migratable,migration_cost,restart_risk_cost
2026-04-01 00:00:00,srv-web-001,26.0,CPU Server,Production-Web,210,560,1.0,39.1,18.5,24.5,Yes,Yes,80,120
2026-04-01 01:00:00,srv-web-001,24.5,CPU Server,Production-Web,210,560,1.0,37.7,20.1,22.7,Yes,Yes,80,120
2026-04-01 02:00:00,srv-web-001,24.1,CPU Server,Production-Web,210,560,1.0,39.7,15.9,20.1,Yes,Yes,80,120
2026-04-01 03:00:00,srv-web-001,25.5,CPU Server,Production-Web,210,560,1.0,33.4,13.6,20.2,Yes,Yes,80,120
2026-04-01 04:00:00,srv-web-001,23.0,CPU Server,Production-Web,210,560,1.0,38.2,14.8,17.9,Yes,Yes,80,120
2026-04-01 05:00:00,srv-web-001,27.9,CPU Server,Production-Web,210,560,1.0,40.3,17.7,19.1,Yes,Yes,80,120
2026-04-01 06:00:00,srv-web-001,23.9,CPU Server,Production-Web,210,560,1.0,38.3,14.5,21.7,Yes,Yes,80,120
2026-04-01 07:00:00,srv-web-001,23.8,CPU Server,Production-Web,210,560,1.0,37.0,15.6,24.7,Yes,Yes,80,120
2026-04-01 08:00:00,srv-web-001,25.0,CPU Server,Production-Web,210,560,1.0,35.6,18.6,18.8,Yes,Yes,80,120
2026-04-01 09:00:00,srv-web-001,60.4,CPU Server,Production-Web,210,560,1.0,59.4,21.4,30.5,Yes,Yes,80,120
2026-04-01 10:00:00,srv-web-001,61.5,CPU Server,Production-Web,210,560,1.0,66.6,24.1,29.8,Yes,Yes,80,120
2026-04-01 11:00:00,srv-web-001,57.0,CPU Server,Production-Web,210,560,1.0,60.6,22.5,31.4,Yes,Yes,80,120
2026-04-01 12:00:00,srv-web-001,60.7,CPU Server,Production-Web,210,560,1.0,60.2,24.8,29.4,Yes,Yes,80,120
2026-04-01 13:00:00,srv-web-001,58.6,CPU Server,Production-Web,210,560,1.0,65.8,25.8,31.5,Yes,Yes,80,120
2026-04-01 14:00:00,srv-web-001,58.3,CPU Server,Production-Web,210,560,1.0,62.8,24.3,31.5,Yes,Yes,80,120
2026-04-01 15:00:00,srv-web-001,59.0,CPU Server,Production-Web,210,560,1.0,63.7,21.6,27.4,Yes,Yes,80,120
2026-04-01 16:00:00,srv-web-001,61.6,CPU Server,Production-Web,210,560,1.0,70.3,24.2,32.4,Yes,Yes,80,120
2026-04-01 17:00:00,srv-web-001,60.7,CPU Server,Production-Web,210,560,1.0,63.6,24.9,33.3,Yes,Yes,80,120
2026-04-01 18:00:00,srv-web-001,59.9,CPU Server,Production-Web,210,560,1.0,69.6,18.7,31.6,Yes,Yes,80,120
2026-04-01 19:00:00,srv-web-001,33.2,CPU Server,Production-Web,210,560,1.0,44.0,18.8,19.3,Yes,Yes,80,120
2026-04-01 20:00:00,srv-web-001,32.6,CPU Server,Production-Web,210,560,1.0,45.5,21.5,22.1,Yes,Yes,80,120
2026-04-01 21:00:00,srv-web-001,31.4,CPU Server,Production-Web,210,560,1.0,42.0,20.1,23.5,Yes,Yes,80,120
2026-04-01 22:00:00,srv-web-001,31.9,CPU Server,Production-Web,210,560,1.0,45.5,18.6,24.9,Yes,Yes,80,120
2026-04-01 23:00:00,srv-web-001,23.6,CPU Server,Production-Web,210,560,1.0,36.7,15.9,18.0,Yes,Yes,80,120
2026-04-01 00:00:00,srv-web-002,25.6,CPU Server,Production-Web,215,570,1.0,40.0,17.1,20.9,Yes,Yes,80,120
2026-04-01 01:00:00,srv-web-002,22.2,CPU Server,Production-Web,215,570,1.0,35.4,15.7,18.9,Yes,Yes,80,120
2026-04-01 02:00:00,srv-web-002,24.7,CPU Server,Production-Web,215,570,1.0,39.7,20.7,21.5,Yes,Yes,80,120
2026-04-01 03:00:00,srv-web-002,25.5,CPU Server,Production-Web,215,570,1.0,38.9,13.3,21.3,Yes,Yes,80,120
2026-04-01 04:00:00,srv-web-002,25.1,CPU Server,Production-Web,215,570,1.0,46.2,16.6,21.9,Yes,Yes,80,120
2026-04-01 05:00:00,srv-web-002,24.9,CPU Server,Production-Web,215,570,1.0,35.2,19.3,22.7,Yes,Yes,80,120
2026-04-01 06:00:00,srv-web-002,26.6,CPU Server,Production-Web,215,570,1.0,37.2,20.1,18.8,Yes,Yes,80,120
2026-04-01 07:00:00,srv-web-002,26.2,CPU Server,Production-Web,215,570,1.0,46.2,15.3,20.4,Yes,Yes,80,120
2026-04-01 08:00:00,srv-web-002,25.2,CPU Server,Production-Web,215,570,1.0,37.4,13.9,21.4,Yes,Yes,80,120
2026-04-01 09:00:00,srv-web-002,57.9,CPU Server,Production-Web,215,570,1.0,64.8,21.7,32.6,Yes,Yes,80,120
2026-04-01 10:00:00,srv-web-002,58.4,CPU Server,Production-Web,215,570,1.0,62.9,25.3,27.1,Yes,Yes,80,120
2026-04-01 11:00:00,srv-web-002,60.5,CPU Server,Production-Web,215,570,1.0,69.3,20.9,30.5,Yes,Yes,80,120
2026-04-01 12:00:00,srv-web-002,60.5,CPU Server,Production-Web,215,570,1.0,67.7,21.6,27.5,Yes,Yes,80,120
2026-04-01 13:00:00,srv-web-002,61.0,CPU Server,Production-Web,215,570,1.0,66.7,24.7,31.0,Yes,Yes,80,120
2026-04-01 14:00:00,srv-web-002,58.6,CPU Server,Production-Web,215,570,1.0,64.7,24.3,28.2,Yes,Yes,80,120
2026-04-01 15:00:00,srv-web-002,63.7,CPU Server,Production-Web,215,570,1.0,69.2,22.4,32.2,Yes,Yes,80,120
2026-04-01 16:00:00,srv-web-002,58.1,CPU Server,Production-Web,215,570,1.0,65.9,25.9,27.9,Yes,Yes,80,120
2026-04-01 17:00:00,srv-web-002,61.9,CPU Server,Production-Web,215,570,1.0,67.7,26.0,34.3,Yes,Yes,80,120
2026-04-01 18:00:00,srv-web-002,59.5,CPU Server,Production-Web,215,570,1.0,62.4,22.1,28.2,Yes,Yes,80,120
2026-04-01 19:00:00,srv-web-002,32.8,CPU Server,Production-Web,215,570,1.0,45.7,19.1,24.9,Yes,Yes,80,120
2026-04-01 20:00:00,srv-web-002,33.0,CPU Server,Production-Web,215,570,1.0,49.1,18.1,28.7,Yes,Yes,80,120
2026-04-01 21:00:00,srv-web-002,34.3,CPU Server,Production-Web,215,570,1.0,43.1,16.7,24.5,Yes,Yes,80,120
2026-04-01 22:00:00,srv-web-002,32.6,CPU Server,Production-Web,215,570,1.0,46.6,19.5,23.0,Yes,Yes,80,120
2026-04-01 23:00:00,srv-web-002,23.3,CPU Server,Production-Web,215,570,1.0,32.9,15.8,22.5,Yes,Yes,80,120
2026-04-01 00:00:00,srv-web-003,35.5,CPU Server,Production-Web,205,540,1.0,40.0,18.5,23.2,Yes,Yes,60,100
2026-04-01 01:00:00,srv-web-003,32.5,CPU Server,Production-Web,205,540,1.0,45.6,18.2,18.6,Yes,Yes,60,100
2026-04-01 02:00:00,srv-web-003,34.7,CPU Server,Production-Web,205,540,1.0,47.2,21.2,25.2,Yes,Yes,60,100
2026-04-01 03:00:00,srv-web-003,31.5,CPU Server,Production-Web,205,540,1.0,41.2,19.5,23.5,Yes,Yes,60,100
2026-04-01 04:00:00,srv-web-003,36.1,CPU Server,Production-Web,205,540,1.0,60.4,19.7,25.4,Yes,Yes,60,100
2026-04-01 05:00:00,srv-web-003,38.3,CPU Server,Production-Web,205,540,1.0,47.6,17.1,24.3,Yes,Yes,60,100
2026-04-01 06:00:00,srv-web-003,36.5,CPU Server,Production-Web,205,540,1.0,44.1,16.5,22.2,Yes,Yes,60,100
2026-04-01 07:00:00,srv-web-003,44.6,CPU Server,Production-Web,205,540,1.0,37.5,20.1,17.2,Yes,Yes,60,100
2026-04-01 08:00:00,srv-web-003,41.1,CPU Server,Production-Web,205,540,1.0,49.4,18.2,18.8,Yes,Yes,60,100
2026-04-01 09:00:00,srv-web-003,42.6,CPU Server,Production-Web,205,540,1.0,47.7,15.8,22.6,Yes,Yes,60,100
2026-04-01 10:00:00,srv-web-003,46.1,CPU Server,Production-Web,205,540,1.0,42.4,24.4,23.9,Yes,Yes,60,100
2026-04-01 11:00:00,srv-web-003,43.6,CPU Server,Production-Web,205,540,1.0,45.7,16.0,24.6,Yes,Yes,60,100
2026-04-01 12:00:00,srv-web-003,47.3,CPU Server,Production-Web,205,540,1.0,44.5,19.5,24.6,Yes,Yes,60,100
2026-04-01 13:00:00,srv-web-003,47.3,CPU Server,Production-Web,205,540,1.0,43.7,16.6,20.0,Yes,Yes,60,100
2026-04-01 14:00:00,srv-web-003,53.5,CPU Server,Production-Web,205,540,1.0,46.6,14.2,24.8,Yes,Yes,60,100
2026-04-01 15:00:00,srv-web-003,54.0,CPU Server,Production-Web,205,540,1.0,49.1,13.4,20.5,Yes,Yes,60,100
2026-04-01 16:00:00,srv-web-003,51.5,CPU Server,Production-Web,205,540,1.0,42.2,19.3,24.3,Yes,Yes,60,100
2026-04-01 17:00:00,srv-web-003,45.8,CPU Server,Production-Web,205,540,1.0,44.8,8.3,18.9,Yes,Yes,60,100
2026-04-01 18:00:00,srv-web-003,45.5,CPU Server,Production-Web,205,540,1.0,40.0,22.9,17.7,Yes,Yes,60,100
2026-04-01 19:00:00,srv-web-003,43.2,CPU Server,Production-Web,205,540,1.0,45.5,22.3,17.7,Yes,Yes,60,100
2026-04-01 20:00:00,srv-web-003,44.3,CPU Server,Production-Web,205,540,1.0,45.0,15.1,23.4,Yes,Yes,60,100
2026-04-01 21:00:00,srv-web-003,40.3,CPU Server,Production-Web,205,540,1.0,42.6,18.2,20.8,Yes,Yes,60,100
2026-04-01 22:00:00,srv-web-003,38.2,CPU Server,Production-Web,205,540,1.0,47.6,22.8,18.3,Yes,Yes,60,100
2026-04-01 23:00:00,srv-web-003,40.6,CPU Server,Production-Web,205,540,1.0,37.2,17.5,23.8,Yes,Yes,60,100
2026-04-01 00:00:00,db-prod-001,48.1,Database Server,Database,320,780,1.5,69.0,51.1,32.1,Yes,No,150,300
2026-04-01 01:00:00,db-prod-001,49.0,Database Server,Database,320,780,1.5,66.5,62.2,36.5,Yes,No,150,300
2026-04-01 02:00:00,db-prod-001,48.2,Database Server,Database,320,780,1.5,65.9,50.5,38.7,Yes,No,150,300
2026-04-01 03:00:00,db-prod-001,45.3,Database Server,Database,320,780,1.5,70.6,65.2,32.0,Yes,No,150,300
2026-04-01 04:00:00,db-prod-001,44.4,Database Server,Database,320,780,1.5,68.9,63.8,39.1,Yes,No,150,300
2026-04-01 05:00:00,db-prod-001,49.3,Database Server,Database,320,780,1.5,70.1,60.5,33.4,Yes,No,150,300
2026-04-01 06:00:00,db-prod-001,45.9,Database Server,Database,320,780,1.5,70.5,59.8,30.9,Yes,No,150,300
2026-04-01 07:00:00,db-prod-001,44.9,Database Server,Database,320,780,1.5,63.9,64.3,39.0,Yes,No,150,300
2026-04-01 08:00:00,db-prod-001,51.9,Database Server,Database,320,780,1.5,69.9,47.8,35.4,Yes,No,150,300
2026-04-01 09:00:00,db-prod-001,55.3,Database Server,Database,320,780,1.5,69.3,48.4,33.4,Yes,No,150,300
2026-04-01 10:00:00,db-prod-001,53.3,Database Server,Database,320,780,1.5,65.9,56.9,36.2,Yes,No,150,300
2026-04-01 11:00:00,db-prod-001,56.2,Database Server,Database,320,780,1.5,71.2,43.4,28.0,Yes,No,150,300
2026-04-01 12:00:00,db-prod-001,59.4,Database Server,Database,320,780,1.5,71.6,66.8,39.3,Yes,No,150,300
2026-04-01 13:00:00,db-prod-001,62.0,Database Server,Database,320,780,1.5,65.0,54.9,33.6,Yes,No,150,300
2026-04-01 14:00:00,db-prod-001,61.2,Database Server,Database,320,780,1.5,72.6,67.3,34.5,Yes,No,150,300
2026-04-01 15:00:00,db-prod-001,66.7,Database Server,Database,320,780,1.5,68.0,56.8,35.1,Yes,No,150,300
2026-04-01 16:00:00,db-prod-001,62.7,Database Server,Database,320,780,1.5,70.1,59.0,42.3,Yes,No,150,300
2026-04-01 17:00:00,db-prod-001,71.1,Database Server,Database,320,780,1.5,66.2,62.0,35.9,Yes,No,150,300
2026-04-01 18:00:00,db-prod-001,61.2,Database Server,Database,320,780,1.5,65.8,50.2,24.4,Yes,No,150,300
2026-04-01 19:00:00,db-prod-001,59.8,Database Server,Database,320,780,1.5,70.8,57.7,44.4,Yes,No,150,300
2026-04-01 20:00:00,db-prod-001,58.3,Database Server,Database,320,780,1.5,65.5,58.9,28.4,Yes,No,150,300
2026-04-01 21:00:00,db-prod-001,61.1,Database Server,Database,320,780,1.5,67.7,41.3,41.8,Yes,No,150,300
2026-04-01 22:00:00,db-prod-001,58.7,Database Server,Database,320,780,1.5,62.0,50.2,35.0,Yes,No,150,300
2026-04-01 23:00:00,db-prod-001,51.1,Database Server,Database,320,780,1.5,73.1,46.5,34.3,Yes,No,150,300
2026-04-01 00:00:00,db-prod-002,51.5,Database Server,Database,310,760,1.5,73.6,46.0,27.3,Yes,No,150,300
2026-04-01 01:00:00,db-prod-002,48.9,Database Server,Database,310,760,1.5,66.3,67.4,35.6,Yes,No,150,300
2026-04-01 02:00:00,db-prod-002,46.5,Database Server,Database,310,760,1.5,80.3,69.0,33.8,Yes,No,150,300
2026-04-01 03:00:00,db-prod-002,47.3,Database Server,Database,310,760,1.5,76.8,47.3,38.4,Yes,No,150,300
2026-04-01 04:00:00,db-prod-002,39.7,Database Server,Database,310,760,1.5,64.1,38.7,33.7,Yes,No,150,300
2026-04-01 05:00:00,db-prod-002,49.8,Database Server,Database,310,760,1.5,70.4,68.0,28.1,Yes,No,150,300
2026-04-01 06:00:00,db-prod-002,46.2,Database Server,Database,310,760,1.5,71.9,54.7,24.7,Yes,No,150,300
2026-04-01 07:00:00,db-prod-002,44.0,Database Server,Database,310,760,1.5,73.3,57.9,30.3,Yes,No,150,300
2026-04-01 08:00:00,db-prod-002,46.8,Database Server,Database,310,760,1.5,69.7,62.6,30.1,Yes,No,150,300
2026-04-01 09:00:00,db-prod-002,50.8,Database Server,Database,310,760,1.5,66.0,54.1,29.8,Yes,No,150,300
2026-04-01 10:00:00,db-prod-002,51.4,Database Server,Database,310,760,1.5,79.8,55.3,31.5,Yes,No,150,300
2026-04-01 11:00:00,db-prod-002,57.3,Database Server,Database,310,760,1.5,68.9,59.9,38.8,Yes,No,150,300
2026-04-01 12:00:00,db-prod-002,58.3,Database Server,Database,310,760,1.5,68.6,36.6,27.4,Yes,No,150,300
2026-04-01 13:00:00,db-prod-002,67.0,Database Server,Database,310,760,1.5,68.8,59.6,36.6,Yes,No,150,300
2026-04-01 14:00:00,db-prod-002,67.0,Database Server,Database,310,760,1.5,69.4,47.4,27.0,Yes,No,150,300
2026-04-01 15:00:00,db-prod-002,62.4,Database Server,Database,310,760,1.5,62.9,49.8,29.6,Yes,No,150,300
2026-04-01 16:00:00,db-prod-002,67.6,Database Server,Database,310,760,1.5,70.0,66.8,35.4,Yes,No,150,300
2026-04-01 17:00:00,db-prod-002,69.2,Database Server,Database,310,760,1.5,72.7,46.7,34.0,Yes,No,150,300
2026-04-01 18:00:00,db-prod-002,59.5,Database Server,Database,310,760,1.5,74.6,70.3,28.0,Yes,No,150,300
2026-04-01 19:00:00,db-prod-002,60.1,Database Server,Database,310,760,1.5,67.6,50.3,30.7,Yes,No,150,300
2026-04-01 20:00:00,db-prod-002,57.5,Database Server,Database,310,760,1.5,71.4,54.6,33.8,Yes,No,150,300
2026-04-01 21:00:00,db-prod-002,55.9,Database Server,Database,310,760,1.5,73.8,59.0,30.1,Yes,No,150,300
2026-04-01 22:00:00,db-prod-002,57.3,Database Server,Database,310,760,1.5,61.7,59.3,31.7,Yes,No,150,300
2026-04-01 23:00:00,db-prod-002,50.1,Database Server,Database,310,760,1.5,61.0,42.0,35.2,Yes,No,150,300
2026-04-01 00:00:00,db-test-001,4.6,Database Server,Test-Database,260,620,1.0,47.6,28.7,24.7,No,Yes,30,50
2026-04-01 01:00:00,db-test-001,5.0,Database Server,Test-Database,260,620,1.0,45.2,35.1,23.1,No,Yes,30,50
2026-04-01 02:00:00,db-test-001,5.1,Database Server,Test-Database,260,620,1.0,48.3,33.0,27.6,No,Yes,30,50
2026-04-01 03:00:00,db-test-001,2.3,Database Server,Test-Database,260,620,1.0,41.8,46.6,24.0,No,Yes,30,50
2026-04-01 04:00:00,db-test-001,5.1,Database Server,Test-Database,260,620,1.0,45.3,40.8,30.8,No,Yes,30,50
2026-04-01 05:00:00,db-test-001,6.5,Database Server,Test-Database,260,620,1.0,43.4,38.1,22.8,No,Yes,30,50
2026-04-01 06:00:00,db-test-001,5.4,Database Server,Test-Database,260,620,1.0,46.2,58.6,29.4,No,Yes,30,50
2026-04-01 07:00:00,db-test-001,7.8,Database Server,Test-Database,260,620,1.0,43.4,25.7,20.0,No,Yes,30,50
2026-04-01 08:00:00,db-test-001,5.5,Database Server,Test-Database,260,620,1.0,45.1,55.4,26.6,No,Yes,30,50
2026-04-01 09:00:00,db-test-001,7.2,Database Server,Test-Database,260,620,1.0,36.2,43.9,28.9,No,Yes,30,50
2026-04-01 10:00:00,db-test-001,7.7,Database Server,Test-Database,260,620,1.0,46.4,38.7,28.2,No,Yes,30,50
2026-04-01 11:00:00,db-test-001,6.3,Database Server,Test-Database,260,620,1.0,46.0,38.3,20.8,No,Yes,30,50
2026-04-01 12:00:00,db-test-001,4.7,Database Server,Test-Database,260,620,1.0,45.3,38.2,27.4,No,Yes,30,50
2026-04-01 13:00:00,db-test-001,7.6,Database Server,Test-Database,260,620,1.0,43.0,39.8,20.1,No,Yes,30,50
2026-04-01 14:00:00,db-test-001,6.6,Database Server,Test-Database,260,620,1.0,48.0,34.6,29.3,No,Yes,30,50
2026-04-01 15:00:00,db-test-001,6.6,Database Server,Test-Database,260,620,1.0,52.5,35.8,18.8,No,Yes,30,50
2026-04-01 16:00:00,db-test-001,8.2,Database Server,Test-Database,260,620,1.0,47.6,41.6,26.4,No,Yes,30,50
2026-04-01 17:00:00,db-test-001,9.7,Database Server,Test-Database,260,620,1.0,45.5,42.9,28.6,No,Yes,30,50
2026-04-01 18:00:00,db-test-001,6.3,Database Server,Test-Database,260,620,1.0,41.8,45.8,34.4,No,Yes,30,50
2026-04-01 19:00:00,db-test-001,8.4,Database Server,Test-Database,260,620,1.0,43.0,34.1,24.4,No,Yes,30,50
2026-04-01 20:00:00,db-test-001,7.6,Database Server,Test-Database,260,620,1.0,38.2,54.2,24.2,No,Yes,30,50
2026-04-01 21:00:00,db-test-001,4.5,Database Server,Test-Database,260,620,1.0,38.4,48.6,25.4,No,Yes,30,50
2026-04-01 22:00:00,db-test-001,4.1,Database Server,Test-Database,260,620,1.0,43.7,55.4,23.7,No,Yes,30,50
2026-04-01 23:00:00,db-test-001,5.6,Database Server,Test-Database,260,620,1.0,43.9,20.4,24.7,No,Yes,30,50
2026-04-01 00:00:00,gpu-ai-001,20.8,GPU Server,AI-Training,620,2600,4.0,25.0,25.4,27.6,No,Yes,120,180
2026-04-01 01:00:00,gpu-ai-001,13.6,GPU Server,AI-Training,620,2600,4.0,25.0,28.3,22.3,No,Yes,120,180
2026-04-01 02:00:00,gpu-ai-001,17.9,GPU Server,AI-Training,620,2600,4.0,25.0,18.8,21.3,No,Yes,120,180
2026-04-01 03:00:00,gpu-ai-001,15.8,GPU Server,AI-Training,620,2600,4.0,25.0,17.9,19.3,No,Yes,120,180
2026-04-01 04:00:00,gpu-ai-001,18.4,GPU Server,AI-Training,620,2600,4.0,25.0,17.0,29.5,No,Yes,120,180
2026-04-01 05:00:00,gpu-ai-001,22.4,GPU Server,AI-Training,620,2600,4.0,25.0,23.0,11.6,No,Yes,120,180
2026-04-01 06:00:00,gpu-ai-001,16.5,GPU Server,AI-Training,620,2600,4.0,25.0,12.4,18.1,No,Yes,120,180
2026-04-01 07:00:00,gpu-ai-001,25.0,GPU Server,AI-Training,620,2600,4.0,25.0,21.7,28.4,No,Yes,120,180
2026-04-01 08:00:00,gpu-ai-001,13.5,GPU Server,AI-Training,620,2600,4.0,25.0,15.9,24.4,No,Yes,120,180
2026-04-01 09:00:00,gpu-ai-001,20.9,GPU Server,AI-Training,620,2600,4.0,25.0,17.0,20.1,No,Yes,120,180
2026-04-01 10:00:00,gpu-ai-001,71.8,GPU Server,AI-Training,620,2600,4.0,55.0,16.6,27.8,No,Yes,120,180
2026-04-01 11:00:00,gpu-ai-001,72.5,GPU Server,AI-Training,620,2600,4.0,55.0,20.4,20.5,No,Yes,120,180
2026-04-01 12:00:00,gpu-ai-001,65.0,GPU Server,AI-Training,620,2600,4.0,55.0,21.7,21.1,No,Yes,120,180
2026-04-01 13:00:00,gpu-ai-001,74.2,GPU Server,AI-Training,620,2600,4.0,55.0,15.2,15.0,No,Yes,120,180
2026-04-01 14:00:00,gpu-ai-001,72.4,GPU Server,AI-Training,620,2600,4.0,55.0,12.9,30.8,No,Yes,120,180
2026-04-01 15:00:00,gpu-ai-001,76.8,GPU Server,AI-Training,620,2600,4.0,55.0,18.8,21.5,No,Yes,120,180
2026-04-01 16:00:00,gpu-ai-001,19.6,GPU Server,AI-Training,620,2600,4.0,25.0,17.8,27.5,No,Yes,120,180
2026-04-01 17:00:00,gpu-ai-001,18.6,GPU Server,AI-Training,620,2600,4.0,25.0,16.5,21.7,No,Yes,120,180
2026-04-01 18:00:00,gpu-ai-001,11.2,GPU Server,AI-Training,620,2600,4.0,25.0,12.6,25.7,No,Yes,120,180
2026-04-01 19:00:00,gpu-ai-001,17.3,GPU Server,AI-Training,620,2600,4.0,25.0,18.1,23.7,No,Yes,120,180
2026-04-01 20:00:00,gpu-ai-001,66.9,GPU Server,AI-Training,620,2600,4.0,55.0,18.8,17.1,No,Yes,120,180
2026-04-01 21:00:00,gpu-ai-001,63.2,GPU Server,AI-Training,620,2600,4.0,55.0,22.1,24.4,No,Yes,120,180
2026-04-01 22:00:00,gpu-ai-001,21.9,GPU Server,AI-Training,620,2600,4.0,25.0,24.7,27.1,No,Yes,120,180
2026-04-01 23:00:00,gpu-ai-001,12.9,GPU Server,AI-Training,620,2600,4.0,25.0,15.5,22.1,No,Yes,120,180
2026-04-01 00:00:00,gpu-ai-002,3.1,GPU Server,AI-Training,640,2700,4.0,12.4,2.2,3.4,No,Yes,50,60
2026-04-01 01:00:00,gpu-ai-002,2.9,GPU Server,AI-Training,640,2700,4.0,9.3,2.0,5.1,No,Yes,50,60
2026-04-01 02:00:00,gpu-ai-002,7.2,GPU Server,AI-Training,640,2700,4.0,13.0,3.2,3.1,No,Yes,50,60
2026-04-01 03:00:00,gpu-ai-002,3.3,GPU Server,AI-Training,640,2700,4.0,12.2,5.6,3.9,No,Yes,50,60
2026-04-01 04:00:00,gpu-ai-002,3.2,GPU Server,AI-Training,640,2700,4.0,11.9,4.8,3.4,No,Yes,50,60
2026-04-01 05:00:00,gpu-ai-002,4.8,GPU Server,AI-Training,640,2700,4.0,10.9,3.6,5.0,No,Yes,50,60
2026-04-01 06:00:00,gpu-ai-002,2.1,GPU Server,AI-Training,640,2700,4.0,10.5,2.8,3.9,No,Yes,50,60
2026-04-01 07:00:00,gpu-ai-002,4.2,GPU Server,AI-Training,640,2700,4.0,9.3,3.4,4.6,No,Yes,50,60
2026-04-01 08:00:00,gpu-ai-002,5.3,GPU Server,AI-Training,640,2700,4.0,13.7,3.5,3.9,No,Yes,50,60
2026-04-01 09:00:00,gpu-ai-002,4.5,GPU Server,AI-Training,640,2700,4.0,12.4,3.3,2.7,No,Yes,50,60
2026-04-01 10:00:00,gpu-ai-002,5.3,GPU Server,AI-Training,640,2700,4.0,11.9,3.7,4.0,No,Yes,50,60
2026-04-01 11:00:00,gpu-ai-002,5.1,GPU Server,AI-Training,640,2700,4.0,11.0,3.1,3.5,No,Yes,50,60
2026-04-01 12:00:00,gpu-ai-002,3.6,GPU Server,AI-Training,640,2700,4.0,12.4,2.5,5.3,No,Yes,50,60
2026-04-01 13:00:00,gpu-ai-002,3.8,GPU Server,AI-Training,640,2700,4.0,11.1,4.4,4.2,No,Yes,50,60
2026-04-01 14:00:00,gpu-ai-002,2.2,GPU Server,AI-Training,640,2700,4.0,12.5,3.9,4.1,No,Yes,50,60
2026-04-01 15:00:00,gpu-ai-002,3.4,GPU Server,AI-Training,640,2700,4.0,14.8,5.3,3.6,No,Yes,50,60
2026-04-01 16:00:00,gpu-ai-002,5.7,GPU Server,AI-Training,640,2700,4.0,15.2,2.5,3.6,No,Yes,50,60
2026-04-01 17:00:00,gpu-ai-002,2.4,GPU Server,AI-Training,640,2700,4.0,10.2,2.0,3.2,No,Yes,50,60
2026-04-01 18:00:00,gpu-ai-002,4.3,GPU Server,AI-Training,640,2700,4.0,15.1,2.0,5.0,No,Yes,50,60
2026-04-01 19:00:00,gpu-ai-002,3.9,GPU Server,AI-Training,640,2700,4.0,13.3,1.9,4.4,No,Yes,50,60
2026-04-01 20:00:00,gpu-ai-002,4.6,GPU Server,AI-Training,640,2700,4.0,12.6,5.5,3.4,No,Yes,50,60
2026-04-01 21:00:00,gpu-ai-002,3.3,GPU Server,AI-Training,640,2700,4.0,10.9,2.4,5.2,No,Yes,50,60
2026-04-01 22:00:00,gpu-ai-002,3.3,GPU Server,AI-Training,640,2700,4.0,10.3,3.5,3.4,No,Yes,50,60
2026-04-01 23:00:00,gpu-ai-002,4.2,GPU Server,AI-Training,640,2700,4.0,9.0,4.5,5.8,No,Yes,50,60
2026-04-01 00:00:00,gpu-ai-003,7.8,GPU Server,AI-Training,600,2500,4.0,18.0,8.0,7.0,No,Yes,80,100
2026-04-01 01:00:00,gpu-ai-003,53.0,GPU Server,AI-Training,600,2500,4.0,35.0,45.0,24.0,No,Yes,80,100
2026-04-01 02:00:00,gpu-ai-003,58.0,GPU Server,AI-Training,600,2500,4.0,35.0,45.0,24.0,No,Yes,80,100
2026-04-01 03:00:00,gpu-ai-003,49.6,GPU Server,AI-Training,600,2500,4.0,35.0,45.0,24.0,No,Yes,80,100
2026-04-01 04:00:00,gpu-ai-003,49.8,GPU Server,AI-Training,600,2500,4.0,35.0,45.0,24.0,No,Yes,80,100
2026-04-01 05:00:00,gpu-ai-003,14.4,GPU Server,AI-Training,600,2500,4.0,18.0,8.0,7.0,No,Yes,80,100
2026-04-01 06:00:00,gpu-ai-003,9.7,GPU Server,AI-Training,600,2500,4.0,18.0,8.0,7.0,No,Yes,80,100
2026-04-01 07:00:00,gpu-ai-003,12.6,GPU Server,AI-Training,600,2500,4.0,18.0,8.0,7.0,No,Yes,80,100
2026-04-01 08:00:00,gpu-ai-003,7.4,GPU Server,AI-Training,600,2500,4.0,18.0,8.0,7.0,No,Yes,80,100
2026-04-01 09:00:00,gpu-ai-003,12.1,GPU Server,AI-Training,600,2500,4.0,18.0,8.0,7.0,No,Yes,80,100
2026-04-01 10:00:00,gpu-ai-003,14.5,GPU Server,AI-Training,600,2500,4.0,18.0,8.0,7.0,No,Yes,80,100
2026-04-01 11:00:00,gpu-ai-003,7.9,GPU Server,AI-Training,600,2500,4.0,18.0,8.0,7.0,No,Yes,80,100
2026-04-01 12:00:00,gpu-ai-003,12.3,GPU Server,AI-Training,600,2500,4.0,18.0,8.0,7.0,No,Yes,80,100
2026-04-01 13:00:00,gpu-ai-003,10.5,GPU Server,AI-Training,600,2500,4.0,18.0,8.0,7.0,No,Yes,80,100
2026-04-01 14:00:00,gpu-ai-003,12.5,GPU Server,AI-Training,600,2500,4.0,18.0,8.0,7.0,No,Yes,80,100
2026-04-01 15:00:00,gpu-ai-003,10.9,GPU Server,AI-Training,600,2500,4.0,18.0,8.0,7.0,No,Yes,80,100
2026-04-01 16:00:00,gpu-ai-003,9.4,GPU Server,AI-Training,600,2500,4.0,18.0,8.0,7.0,No,Yes,80,100
2026-04-01 17:00:00,gpu-ai-003,6.5,GPU Server,AI-Training,600,2500,4.0,18.0,8.0,7.0,No,Yes,80,100
2026-04-01 18:00:00,gpu-ai-003,7.8,GPU Server,AI-Training,600,2500,4.0,18.0,8.0,7.0,No,Yes,80,100
2026-04-01 19:00:00,gpu-ai-003,12.8,GPU Server,AI-Training,600,2500,4.0,18.0,8.0,7.0,No,Yes,80,100
2026-04-01 20:00:00,gpu-ai-003,9.1,GPU Server,AI-Training,600,2500,4.0,18.0,8.0,7.0,No,Yes,80,100
2026-04-01 21:00:00,gpu-ai-003,11.2,GPU Server,AI-Training,600,2500,4.0,18.0,8.0,7.0,No,Yes,80,100
2026-04-01 22:00:00,gpu-ai-003,15.5,GPU Server,AI-Training,600,2500,4.0,18.0,8.0,7.0,No,Yes,80,100
2026-04-01 23:00:00,gpu-ai-003,9.7,GPU Server,AI-Training,600,2500,4.0,18.0,8.0,7.0,No,Yes,80,100
2026-04-01 00:00:00,stor-001,26.7,Storage Node,Storage,380,900,2.0,39.6,63.4,41.0,Yes,No,200,350
2026-04-01 01:00:00,stor-001,20.7,Storage Node,Storage,380,900,2.0,40.8,70.5,32.9,Yes,No,200,350
2026-04-01 02:00:00,stor-001,19.9,Storage Node,Storage,380,900,2.0,44.8,60.4,35.2,Yes,No,200,350
2026-04-01 03:00:00,stor-001,26.7,Storage Node,Storage,380,900,2.0,39.7,67.7,47.4,Yes,No,200,350
2026-04-01 04:00:00,stor-001,15.4,Storage Node,Storage,380,900,2.0,41.8,69.9,32.9,Yes,No,200,350
2026-04-01 05:00:00,stor-001,22.7,Storage Node,Storage,380,900,2.0,37.7,67.2,42.4,Yes,No,200,350
2026-04-01 06:00:00,stor-001,21.7,Storage Node,Storage,380,900,2.0,47.4,68.6,30.4,Yes,No,200,350
2026-04-01 07:00:00,stor-001,21.9,Storage Node,Storage,380,900,2.0,41.0,72.4,39.8,Yes,No,200,350
2026-04-01 08:00:00,stor-001,26.3,Storage Node,Storage,380,900,2.0,39.7,78.0,39.7,Yes,No,200,350
2026-04-01 09:00:00,stor-001,23.7,Storage Node,Storage,380,900,2.0,41.8,73.7,44.6,Yes,No,200,350
2026-04-01 10:00:00,stor-001,24.1,Storage Node,Storage,380,900,2.0,39.6,75.2,34.6,Yes,No,200,350
2026-04-01 11:00:00,stor-001,21.9,Storage Node,Storage,380,900,2.0,34.3,65.7,34.6,Yes,No,200,350
2026-04-01 12:00:00,stor-001,20.0,Storage Node,Storage,380,900,2.0,38.2,52.6,35.7,Yes,No,200,350
2026-04-01 13:00:00,stor-001,17.2,Storage Node,Storage,380,900,2.0,43.0,62.8,40.1,Yes,No,200,350
2026-04-01 14:00:00,stor-001,21.9,Storage Node,Storage,380,900,2.0,40.0,50.2,45.5,Yes,No,200,350
2026-04-01 15:00:00,stor-001,21.3,Storage Node,Storage,380,900,2.0,40.1,54.6,27.8,Yes,No,200,350
2026-04-01 16:00:00,stor-001,20.0,Storage Node,Storage,380,900,2.0,36.0,50.2,47.0,Yes,No,200,350
2026-04-01 17:00:00,stor-001,20.3,Storage Node,Storage,380,900,2.0,42.3,57.4,42.6,Yes,No,200,350
2026-04-01 18:00:00,stor-001,20.1,Storage Node,Storage,380,900,2.0,42.8,52.0,42.5,Yes,No,200,350
2026-04-01 19:00:00,stor-001,25.1,Storage Node,Storage,380,900,2.0,37.9,57.0,39.0,Yes,No,200,350
2026-04-01 20:00:00,stor-001,19.9,Storage Node,Storage,380,900,2.0,46.9,52.6,34.7,Yes,No,200,350
2026-04-01 21:00:00,stor-001,21.0,Storage Node,Storage,380,900,2.0,41.7,56.1,35.1,Yes,No,200,350
2026-04-01 22:00:00,stor-001,28.4,Storage Node,Storage,380,900,2.0,46.9,58.2,38.2,Yes,No,200,350
2026-04-01 23:00:00,stor-001,23.8,Storage Node,Storage,380,900,2.0,35.9,57.6,29.7,Yes,No,200,350
2026-04-01 00:00:00,stor-002,23.9,Storage Node,Storage,360,860,2.0,38.1,69.9,31.9,Yes,No,200,350
2026-04-01 01:00:00,stor-002,22.7,Storage Node,Storage,360,860,2.0,44.2,73.5,35.7,Yes,No,200,350
2026-04-01 02:00:00,stor-002,21.9,Storage Node,Storage,360,860,2.0,39.3,72.4,41.3,Yes,No,200,350
2026-04-01 03:00:00,stor-002,26.4,Storage Node,Storage,360,860,2.0,45.5,67.4,40.0,Yes,No,200,350
2026-04-01 04:00:00,stor-002,22.8,Storage Node,Storage,360,860,2.0,37.8,69.0,37.9,Yes,No,200,350
2026-04-01 05:00:00,stor-002,23.6,Storage Node,Storage,360,860,2.0,38.5,77.4,23.8,Yes,No,200,350
2026-04-01 06:00:00,stor-002,16.8,Storage Node,Storage,360,860,2.0,38.6,68.4,31.5,Yes,No,200,350
2026-04-01 07:00:00,stor-002,20.6,Storage Node,Storage,360,860,2.0,41.4,73.4,40.4,Yes,No,200,350
2026-04-01 08:00:00,stor-002,18.2,Storage Node,Storage,360,860,2.0,44.0,69.9,30.2,Yes,No,200,350
2026-04-01 09:00:00,stor-002,26.5,Storage Node,Storage,360,860,2.0,43.4,68.7,36.3,Yes,No,200,350
2026-04-01 10:00:00,stor-002,28.2,Storage Node,Storage,360,860,2.0,41.5,70.2,43.2,Yes,No,200,350
2026-04-01 11:00:00,stor-002,21.2,Storage Node,Storage,360,860,2.0,39.2,64.7,37.8,Yes,No,200,350
2026-04-01 12:00:00,stor-002,22.2,Storage Node,Storage,360,860,2.0,42.9,61.6,38.4,Yes,No,200,350
2026-04-01 13:00:00,stor-002,24.7,Storage Node,Storage,360,860,2.0,41.4,63.9,23.5,Yes,No,200,350
2026-04-01 14:00:00,stor-002,21.6,Storage Node,Storage,360,860,2.0,44.4,50.8,41.1,Yes,No,200,350
2026-04-01 15:00:00,stor-002,20.1,Storage Node,Storage,360,860,2.0,47.7,52.6,39.1,Yes,No,200,350
2026-04-01 16:00:00,stor-002,23.5,Storage Node,Storage,360,860,2.0,40.6,53.4,50.0,Yes,No,200,350
2026-04-01 17:00:00,stor-002,22.6,Storage Node,Storage,360,860,2.0,44.2,55.9,43.9,Yes,No,200,350
2026-04-01 18:00:00,stor-002,18.6,Storage Node,Storage,360,860,2.0,46.5,44.3,39.5,Yes,No,200,350
2026-04-01 19:00:00,stor-002,21.8,Storage Node,Storage,360,860,2.0,41.3,52.0,40.1,Yes,No,200,350
2026-04-01 20:00:00,stor-002,23.4,Storage Node,Storage,360,860,2.0,39.0,56.4,43.9,Yes,No,200,350
2026-04-01 21:00:00,stor-002,23.8,Storage Node,Storage,360,860,2.0,42.8,52.0,44.9,Yes,No,200,350
2026-04-01 22:00:00,stor-002,22.4,Storage Node,Storage,360,860,2.0,39.3,56.1,32.5,Yes,No,200,350
2026-04-01 23:00:00,stor-002,26.8,Storage Node,Storage,360,860,2.0,36.6,53.9,27.2,Yes,No,200,350
2026-04-01 00:00:00,stor-archive-001,4.0,Storage Node,Archive,300,720,2.0,51.6,50.1,21.6,No,Yes,40,80
2026-04-01 01:00:00,stor-archive-001,7.5,Storage Node,Archive,300,720,2.0,43.7,22.0,36.5,No,Yes,40,80
2026-04-01 02:00:00,stor-archive-001,3.5,Storage Node,Archive,300,720,2.0,49.1,61.5,31.9,No,Yes,40,80
2026-04-01 03:00:00,stor-archive-001,6.9,Storage Node,Archive,300,720,2.0,48.4,48.1,26.4,No,Yes,40,80
2026-04-01 04:00:00,stor-archive-001,5.9,Storage Node,Archive,300,720,2.0,42.0,39.8,16.5,No,Yes,40,80
2026-04-01 05:00:00,stor-archive-001,4.5,Storage Node,Archive,300,720,2.0,40.6,43.4,32.0,No,Yes,40,80
2026-04-01 06:00:00,stor-archive-001,3.6,Storage Node,Archive,300,720,2.0,41.0,49.5,20.1,No,Yes,40,80
2026-04-01 07:00:00,stor-archive-001,6.8,Storage Node,Archive,300,720,2.0,41.1,42.8,18.3,No,Yes,40,80
2026-04-01 08:00:00,stor-archive-001,6.5,Storage Node,Archive,300,720,2.0,38.6,45.5,24.9,No,Yes,40,80
2026-04-01 09:00:00,stor-archive-001,6.3,Storage Node,Archive,300,720,2.0,50.5,43.0,22.9,No,Yes,40,80
2026-04-01 10:00:00,stor-archive-001,6.8,Storage Node,Archive,300,720,2.0,45.2,42.3,21.5,No,Yes,40,80
2026-04-01 11:00:00,stor-archive-001,3.9,Storage Node,Archive,300,720,2.0,52.0,32.0,21.5,No,Yes,40,80
2026-04-01 12:00:00,stor-archive-001,7.3,Storage Node,Archive,300,720,2.0,43.8,52.0,21.6,No,Yes,40,80
2026-04-01 13:00:00,stor-archive-001,4.7,Storage Node,Archive,300,720,2.0,53.6,32.5,26.5,No,Yes,40,80
2026-04-01 14:00:00,stor-archive-001,6.6,Storage Node,Archive,300,720,2.0,44.3,41.0,25.2,No,Yes,40,80
2026-04-01 15:00:00,stor-archive-001,7.4,Storage Node,Archive,300,720,2.0,53.8,37.5,18.2,No,Yes,40,80
2026-04-01 16:00:00,stor-archive-001,9.9,Storage Node,Archive,300,720,2.0,41.8,55.1,33.4,No,Yes,40,80
2026-04-01 17:00:00,stor-archive-001,6.9,Storage Node,Archive,300,720,2.0,51.5,39.0,24.0,No,Yes,40,80
2026-04-01 18:00:00,stor-archive-001,4.5,Storage Node,Archive,300,720,2.0,42.4,32.2,25.2,No,Yes,40,80
2026-04-01 19:00:00,stor-archive-001,6.4,Storage Node,Archive,300,720,2.0,38.8,44.6,29.2,No,Yes,40,80
2026-04-01 20:00:00,stor-archive-001,6.6,Storage Node,Archive,300,720,2.0,49.9,32.3,33.4,No,Yes,40,80
2026-04-01 21:00:00,stor-archive-001,4.9,Storage Node,Archive,300,720,2.0,44.8,46.5,25.4,No,Yes,40,80
2026-04-01 22:00:00,stor-archive-001,4.6,Storage Node,Archive,300,720,2.0,45.7,30.7,24.4,No,Yes,40,80
2026-04-01 23:00:00,stor-archive-001,4.9,Storage Node,Archive,300,720,2.0,49.9,50.7,28.0,No,Yes,40,80
2026-04-01 00:00:00,backup-001,8.1,Backup Server,Backup-DR,240,620,1.0,18.0,8.0,7.0,Yes,No,100,250
2026-04-01 01:00:00,backup-001,52.4,Backup Server,Backup-DR,240,620,1.0,35.0,45.0,24.0,Yes,No,100,250
2026-04-01 02:00:00,backup-001,53.2,Backup Server,Backup-DR,240,620,1.0,35.0,45.0,24.0,Yes,No,100,250
2026-04-01 03:00:00,backup-001,51.1,Backup Server,Backup-DR,240,620,1.0,35.0,45.0,24.0,Yes,No,100,250
2026-04-01 04:00:00,backup-001,51.5,Backup Server,Backup-DR,240,620,1.0,35.0,45.0,24.0,Yes,No,100,250
2026-04-01 05:00:00,backup-001,11.9,Backup Server,Backup-DR,240,620,1.0,18.0,8.0,7.0,Yes,No,100,250
2026-04-01 06:00:00,backup-001,5.0,Backup Server,Backup-DR,240,620,1.0,18.0,8.0,7.0,Yes,No,100,250
2026-04-01 07:00:00,backup-001,10.5,Backup Server,Backup-DR,240,620,1.0,18.0,8.0,7.0,Yes,No,100,250
2026-04-01 08:00:00,backup-001,2.5,Backup Server,Backup-DR,240,620,1.0,18.0,8.0,7.0,Yes,No,100,250
2026-04-01 09:00:00,backup-001,16.5,Backup Server,Backup-DR,240,620,1.0,18.0,8.0,7.0,Yes,No,100,250
2026-04-01 10:00:00,backup-001,11.5,Backup Server,Backup-DR,240,620,1.0,18.0,8.0,7.0,Yes,No,100,250
2026-04-01 11:00:00,backup-001,8.7,Backup Server,Backup-DR,240,620,1.0,18.0,8.0,7.0,Yes,No,100,250
2026-04-01 12:00:00,backup-001,8.1,Backup Server,Backup-DR,240,620,1.0,18.0,8.0,7.0,Yes,No,100,250
2026-04-01 13:00:00,backup-001,10.0,Backup Server,Backup-DR,240,620,1.0,18.0,8.0,7.0,Yes,No,100,250
2026-04-01 14:00:00,backup-001,12.0,Backup Server,Backup-DR,240,620,1.0,18.0,8.0,7.0,Yes,No,100,250
2026-04-01 15:00:00,backup-001,6.7,Backup Server,Backup-DR,240,620,1.0,18.0,8.0,7.0,Yes,No,100,250
2026-04-01 16:00:00,backup-001,6.3,Backup Server,Backup-DR,240,620,1.0,18.0,8.0,7.0,Yes,No,100,250
2026-04-01 17:00:00,backup-001,9.0,Backup Server,Backup-DR,240,620,1.0,18.0,8.0,7.0,Yes,No,100,250
2026-04-01 18:00:00,backup-001,10.4,Backup Server,Backup-DR,240,620,1.0,18.0,8.0,7.0,Yes,No,100,250
2026-04-01 19:00:00,backup-001,11.5,Backup Server,Backup-DR,240,620,1.0,18.0,8.0,7.0,Yes,No,100,250
2026-04-01 20:00:00,backup-001,10.7,Backup Server,Backup-DR,240,620,1.0,18.0,8.0,7.0,Yes,No,100,250
2026-04-01 21:00:00,backup-001,5.1,Backup Server,Backup-DR,240,620,1.0,18.0,8.0,7.0,Yes,No,100,250
2026-04-01 22:00:00,backup-001,8.1,Backup Server,Backup-DR,240,620,1.0,18.0,8.0,7.0,Yes,No,100,250
2026-04-01 23:00:00,backup-001,8.4,Backup Server,Backup-DR,240,620,1.0,18.0,8.0,7.0,Yes,No,100,250
2026-04-01 00:00:00,backup-002,10.6,Backup Server,Backup-DR,235,600,1.0,18.0,8.0,7.0,No,Yes,30,60
2026-04-01 01:00:00,backup-002,53.5,Backup Server,Backup-DR,235,600,1.0,35.0,45.0,24.0,No,Yes,30,60
2026-04-01 02:00:00,backup-002,46.1,Backup Server,Backup-DR,235,600,1.0,35.0,45.0,24.0,No,Yes,30,60
2026-04-01 03:00:00,backup-002,51.6,Backup Server,Backup-DR,235,600,1.0,35.0,45.0,24.0,No,Yes,30,60
2026-04-01 04:00:00,backup-002,53.8,Backup Server,Backup-DR,235,600,1.0,35.0,45.0,24.0,No,Yes,30,60
2026-04-01 05:00:00,backup-002,12.7,Backup Server,Backup-DR,235,600,1.0,18.0,8.0,7.0,No,Yes,30,60
2026-04-01 06:00:00,backup-002,13.5,Backup Server,Backup-DR,235,600,1.0,18.0,8.0,7.0,No,Yes,30,60
2026-04-01 07:00:00,backup-002,8.0,Backup Server,Backup-DR,235,600,1.0,18.0,8.0,7.0,No,Yes,30,60
2026-04-01 08:00:00,backup-002,8.1,Backup Server,Backup-DR,235,600,1.0,18.0,8.0,7.0,No,Yes,30,60
2026-04-01 09:00:00,backup-002,9.5,Backup Server,Backup-DR,235,600,1.0,18.0,8.0,7.0,No,Yes,30,60
2026-04-01 10:00:00,backup-002,9.0,Backup Server,Backup-DR,235,600,1.0,18.0,8.0,7.0,No,Yes,30,60
2026-04-01 11:00:00,backup-002,12.6,Backup Server,Backup-DR,235,600,1.0,18.0,8.0,7.0,No,Yes,30,60
2026-04-01 12:00:00,backup-002,4.5,Backup Server,Backup-DR,235,600,1.0,18.0,8.0,7.0,No,Yes,30,60
2026-04-01 13:00:00,backup-002,11.8,Backup Server,Backup-DR,235,600,1.0,18.0,8.0,7.0,No,Yes,30,60
2026-04-01 14:00:00,backup-002,8.3,Backup Server,Backup-DR,235,600,1.0,18.0,8.0,7.0,No,Yes,30,60
2026-04-01 15:00:00,backup-002,3.6,Backup Server,Backup-DR,235,600,1.0,18.0,8.0,7.0,No,Yes,30,60
2026-04-01 16:00:00,backup-002,11.3,Backup Server,Backup-DR,235,600,1.0,18.0,8.0,7.0,No,Yes,30,60
2026-04-01 17:00:00,backup-002,1.2,Backup Server,Backup-DR,235,600,1.0,18.0,8.0,7.0,No,Yes,30,60
2026-04-01 18:00:00,backup-002,10.2,Backup Server,Backup-DR,235,600,1.0,18.0,8.0,7.0,No,Yes,30,60
2026-04-01 19:00:00,backup-002,9.6,Backup Server,Backup-DR,235,600,1.0,18.0,8.0,7.0,No,Yes,30,60
2026-04-01 20:00:00,backup-002,10.7,Backup Server,Backup-DR,235,600,1.0,18.0,8.0,7.0,No,Yes,30,60
2026-04-01 21:00:00,backup-002,6.1,Backup Server,Backup-DR,235,600,1.0,18.0,8.0,7.0,No,Yes,30,60
2026-04-01 22:00:00,backup-002,8.5,Backup Server,Backup-DR,235,600,1.0,18.0,8.0,7.0,No,Yes,30,60
2026-04-01 23:00:00,backup-002,6.2,Backup Server,Backup-DR,235,600,1.0,18.0,8.0,7.0,No,Yes,30,60
2026-04-01 00:00:00,dev-001,3.2,CPU Server,Development,185,480,1.0,21.5,11.4,7.3,No,Yes,0,0
2026-04-01 01:00:00,dev-001,7.9,CPU Server,Development,185,480,1.0,21.4,6.7,12.1,No,Yes,0,0
2026-04-01 02:00:00,dev-001,8.7,CPU Server,Development,185,480,1.0,24.0,7.0,14.3,No,Yes,0,0
2026-04-01 03:00:00,dev-001,6.5,CPU Server,Development,185,480,1.0,22.9,10.6,13.1,No,Yes,0,0
2026-04-01 04:00:00,dev-001,3.5,CPU Server,Development,185,480,1.0,23.4,6.6,14.0,No,Yes,0,0
2026-04-01 05:00:00,dev-001,4.3,CPU Server,Development,185,480,1.0,22.6,5.3,8.1,No,Yes,0,0
2026-04-01 06:00:00,dev-001,3.7,CPU Server,Development,185,480,1.0,18.9,9.1,12.4,No,Yes,0,0
2026-04-01 07:00:00,dev-001,7.0,CPU Server,Development,185,480,1.0,19.7,5.2,13.0,No,Yes,0,0
2026-04-01 08:00:00,dev-001,4.5,CPU Server,Development,185,480,1.0,26.0,9.1,10.9,No,Yes,0,0
2026-04-01 09:00:00,dev-001,3.7,CPU Server,Development,185,480,1.0,24.8,8.1,10.5,No,Yes,0,0
2026-04-01 10:00:00,dev-001,19.0,CPU Server,Development,185,480,1.0,23.6,10.1,9.3,No,Yes,0,0
2026-04-01 11:00:00,dev-001,15.9,CPU Server,Development,185,480,1.0,16.1,12.1,7.8,No,Yes,0,0
2026-04-01 12:00:00,dev-001,17.4,CPU Server,Development,185,480,1.0,22.9,9.6,11.7,No,Yes,0,0
2026-04-01 13:00:00,dev-001,17.7,CPU Server,Development,185,480,1.0,22.8,7.5,13.2,No,Yes,0,0
2026-04-01 14:00:00,dev-001,19.5,CPU Server,Development,185,480,1.0,24.0,10.3,10.4,No,Yes,0,0
2026-04-01 15:00:00,dev-001,18.8,CPU Server,Development,185,480,1.0,20.0,6.9,11.2,No,Yes,0,0
2026-04-01 16:00:00,dev-001,18.0,CPU Server,Development,185,480,1.0,22.9,11.4,10.5,No,Yes,0,0
2026-04-01 17:00:00,dev-001,19.1,CPU Server,Development,185,480,1.0,16.7,9.5,10.8,No,Yes,0,0
2026-04-01 18:00:00,dev-001,6.3,CPU Server,Development,185,480,1.0,21.6,5.6,9.6,No,Yes,0,0
2026-04-01 19:00:00,dev-001,3.8,CPU Server,Development,185,480,1.0,23.8,11.3,10.8,No,Yes,0,0
2026-04-01 20:00:00,dev-001,5.9,CPU Server,Development,185,480,1.0,25.6,6.8,9.7,No,Yes,0,0
2026-04-01 21:00:00,dev-001,3.4,CPU Server,Development,185,480,1.0,23.9,7.8,10.8,No,Yes,0,0
2026-04-01 22:00:00,dev-001,4.1,CPU Server,Development,185,480,1.0,24.2,7.3,13.5,No,Yes,0,0
2026-04-01 23:00:00,dev-001,5.4,CPU Server,Development,185,480,1.0,24.8,5.2,6.5,No,Yes,0,0
2026-04-01 00:00:00,dev-002,7.5,CPU Server,Development,180,470,1.0,20.3,13.1,8.9,No,Yes,0,20
2026-04-01 01:00:00,dev-002,8.1,CPU Server,Development,180,470,1.0,28.0,12.1,12.4,No,Yes,0,20
2026-04-01 02:00:00,dev-002,6.2,CPU Server,Development,180,470,1.0,24.3,6.9,8.4,No,Yes,0,20
2026-04-01 03:00:00,dev-002,4.7,CPU Server,Development,180,470,1.0,20.6,9.4,11.9,No,Yes,0,20
2026-04-01 04:00:00,dev-002,8.0,CPU Server,Development,180,470,1.0,18.6,7.6,8.6,No,Yes,0,20
2026-04-01 05:00:00,dev-002,4.8,CPU Server,Development,180,470,1.0,21.6,11.0,11.3,No,Yes,0,20
2026-04-01 06:00:00,dev-002,8.7,CPU Server,Development,180,470,1.0,25.7,9.2,9.5,No,Yes,0,20
2026-04-01 07:00:00,dev-002,4.3,CPU Server,Development,180,470,1.0,25.3,11.8,13.1,No,Yes,0,20
2026-04-01 08:00:00,dev-002,2.8,CPU Server,Development,180,470,1.0,22.4,4.5,10.6,No,Yes,0,20
2026-04-01 09:00:00,dev-002,4.1,CPU Server,Development,180,470,1.0,17.2,9.0,8.9,No,Yes,0,20
2026-04-01 10:00:00,dev-002,12.3,CPU Server,Development,180,470,1.0,21.9,11.5,13.3,No,Yes,0,20
2026-04-01 11:00:00,dev-002,16.8,CPU Server,Development,180,470,1.0,23.4,6.0,10.6,No,Yes,0,20
2026-04-01 12:00:00,dev-002,20.5,CPU Server,Development,180,470,1.0,21.7,7.6,8.2,No,Yes,0,20
2026-04-01 13:00:00,dev-002,17.5,CPU Server,Development,180,470,1.0,23.1,9.8,8.4,No,Yes,0,20
2026-04-01 14:00:00,dev-002,17.5,CPU Server,Development,180,470,1.0,21.9,6.5,5.2,No,Yes,0,20
2026-04-01 15:00:00,dev-002,19.5,CPU Server,Development,180,470,1.0,21.2,8.1,11.0,No,Yes,0,20
2026-04-01 16:00:00,dev-002,16.9,CPU Server,Development,180,470,1.0,24.4,5.5,10.6,No,Yes,0,20
2026-04-01 17:00:00,dev-002,18.9,CPU Server,Development,180,470,1.0,21.9,4.8,12.3,No,Yes,0,20
2026-04-01 18:00:00,dev-002,3.4,CPU Server,Development,180,470,1.0,22.6,10.3,8.0,No,Yes,0,20
2026-04-01 19:00:00,dev-002,5.9,CPU Server,Development,180,470,1.0,24.1,8.4,9.3,No,Yes,0,20
2026-04-01 20:00:00,dev-002,5.2,CPU Server,Development,180,470,1.0,18.8,2.2,10.9,No,Yes,0,20
2026-04-01 21:00:00,dev-002,0.3,CPU Server,Development,180,470,1.0,19.0,9.2,14.1,No,Yes,0,20
2026-04-01 22:00:00,dev-002,3.5,CPU Server,Development,180,470,1.0,21.5,10.7,8.7,No,Yes,0,20
2026-04-01 23:00:00,dev-002,4.0,CPU Server,Development,180,470,1.0,19.1,8.2,13.2,No,Yes,0,20
2026-04-01 00:00:00,dev-003,2.3,CPU Server,Development,175,450,1.0,6.6,0.2,2.7,No,Yes,0,0
2026-04-01 01:00:00,dev-003,2.4,CPU Server,Development,175,450,1.0,11.8,1.7,1.4,No,Yes,0,0
2026-04-01 02:00:00,dev-003,3.4,CPU Server,Development,175,450,1.0,7.2,0.3,2.7,No,Yes,0,0
2026-04-01 03:00:00,dev-003,4.0,CPU Server,Development,175,450,1.0,8.6,1.1,3.0,No,Yes,0,0
2026-04-01 04:00:00,dev-003,3.2,CPU Server,Development,175,450,1.0,7.7,0.8,1.5,No,Yes,0,0
2026-04-01 05:00:00,dev-003,2.2,CPU Server,Development,175,450,1.0,6.4,0.7,2.3,No,Yes,0,0
2026-04-01 06:00:00,dev-003,1.6,CPU Server,Development,175,450,1.0,7.0,2.6,1.9,No,Yes,0,0
2026-04-01 07:00:00,dev-003,1.7,CPU Server,Development,175,450,1.0,7.6,1.4,2.8,No,Yes,0,0
2026-04-01 08:00:00,dev-003,4.6,CPU Server,Development,175,450,1.0,7.9,1.8,2.2,No,Yes,0,0
2026-04-01 09:00:00,dev-003,2.8,CPU Server,Development,175,450,1.0,6.6,1.6,3.1,No,Yes,0,0
2026-04-01 10:00:00,dev-003,3.4,CPU Server,Development,175,450,1.0,9.0,1.4,0.3,No,Yes,0,0
2026-04-01 11:00:00,dev-003,3.5,CPU Server,Development,175,450,1.0,7.0,0.7,1.6,No,Yes,0,0
2026-04-01 12:00:00,dev-003,2.9,CPU Server,Development,175,450,1.0,6.6,1.2,1.7,No,Yes,0,0
2026-04-01 13:00:00,dev-003,3.8,CPU Server,Development,175,450,1.0,6.5,2.5,3.2,No,Yes,0,0
2026-04-01 14:00:00,dev-003,2.2,CPU Server,Development,175,450,1.0,7.6,1.5,1.3,No,Yes,0,0
2026-04-01 15:00:00,dev-003,1.6,CPU Server,Development,175,450,1.0,8.8,1.1,2.2,No,Yes,0,0
2026-04-01 16:00:00,dev-003,2.3,CPU Server,Development,175,450,1.0,7.9,1.1,2.7,No,Yes,0,0
2026-04-01 17:00:00,dev-003,2.6,CPU Server,Development,175,450,1.0,9.9,0.7,1.5,No,Yes,0,0
2026-04-01 18:00:00,dev-003,2.6,CPU Server,Development,175,450,1.0,7.5,1.9,2.5,No,Yes,0,0
2026-04-01 19:00:00,dev-003,2.8,CPU Server,Development,175,450,1.0,6.6,2.0,3.5,No,Yes,0,0
2026-04-01 20:00:00,dev-003,1.7,CPU Server,Development,175,450,1.0,8.7,1.4,0.3,No,Yes,0,0
2026-04-01 21:00:00,dev-003,2.1,CPU Server,Development,175,450,1.0,6.9,1.8,2.2,No,Yes,0,0
2026-04-01 22:00:00,dev-003,2.2,CPU Server,Development,175,450,1.0,7.8,1.3,2.6,No,Yes,0,0
2026-04-01 23:00:00,dev-003,1.8,CPU Server,Development,175,450,1.0,8.6,1.1,2.6,No,Yes,0,0
2026-04-01 00:00:00,dev-004,4.0,CPU Server,Development,180,460,1.0,6.7,1.2,2.0,No,Yes,10,0
2026-04-01 01:00:00,dev-004,3.1,CPU Server,Development,180,460,1.0,4.6,0.7,1.1,No,Yes,10,0
2026-04-01 02:00:00,dev-004,3.9,CPU Server,Development,180,460,1.0,6.8,1.4,2.1,No,Yes,10,0
2026-04-01 03:00:00,dev-004,1.8,CPU Server,Development,180,460,1.0,7.4,2.3,2.4,No,Yes,10,0
2026-04-01 04:00:00,dev-004,3.3,CPU Server,Development,180,460,1.0,2.9,2.0,1.5,No,Yes,10,0
2026-04-01 05:00:00,dev-004,2.9,CPU Server,Development,180,460,1.0,9.1,1.4,2.8,No,Yes,10,0
2026-04-01 06:00:00,dev-004,3.6,CPU Server,Development,180,460,1.0,9.5,2.1,2.1,No,Yes,10,0
2026-04-01 07:00:00,dev-004,2.3,CPU Server,Development,180,460,1.0,5.7,3.2,1.9,No,Yes,10,0
2026-04-01 08:00:00,dev-004,2.9,CPU Server,Development,180,460,1.0,7.1,2.9,1.5,No,Yes,10,0
2026-04-01 09:00:00,dev-004,1.9,CPU Server,Development,180,460,1.0,5.0,1.0,2.0,No,Yes,10,0
2026-04-01 10:00:00,dev-004,1.9,CPU Server,Development,180,460,1.0,4.9,1.4,0.8,No,Yes,10,0
2026-04-01 11:00:00,dev-004,2.6,CPU Server,Development,180,460,1.0,4.8,1.3,1.4,No,Yes,10,0
2026-04-01 12:00:00,dev-004,3.6,CPU Server,Development,180,460,1.0,4.2,1.6,1.9,No,Yes,10,0
2026-04-01 13:00:00,dev-004,2.7,CPU Server,Development,180,460,1.0,5.9,1.2,1.4,No,Yes,10,0
2026-04-01 14:00:00,dev-004,2.5,CPU Server,Development,180,460,1.0,9.9,1.5,1.4,No,Yes,10,0
2026-04-01 15:00:00,dev-004,1.1,CPU Server,Development,180,460,1.0,4.6,1.7,2.4,No,Yes,10,0
2026-04-01 16:00:00,dev-004,3.2,CPU Server,Development,180,460,1.0,6.3,1.6,3.3,No,Yes,10,0
2026-04-01 17:00:00,dev-004,2.3,CPU Server,Development,180,460,1.0,5.7,0.0,1.4,No,Yes,10,0
2026-04-01 18:00:00,dev-004,1.7,CPU Server,Development,180,460,1.0,6.8,1.6,1.8,No,Yes,10,0
2026-04-01 19:00:00,dev-004,2.6,CPU Server,Development,180,460,1.0,7.7,0.6,3.1,No,Yes,10,0
2026-04-01 20:00:00,dev-004,2.5,CPU Server,Development,180,460,1.0,8.1,1.7,2.8,No,Yes,10,0
2026-04-01 21:00:00,dev-004,2.0,CPU Server,Development,180,460,1.0,7.5,0.6,2.1,No,Yes,10,0
2026-04-01 22:00:00,dev-004,2.3,CPU Server,Development,180,460,1.0,6.8,0.0,1.6,No,Yes,10,0
2026-04-01 23:00:00,dev-004,2.6,CPU Server,Development,180,460,1.0,5.5,2.5,1.3,No,Yes,10,0
2026-04-01 00:00:00,legacy-001,2.8,Legacy Server,Legacy,260,650,1.0,6.0,2.9,1.0,No,Yes,20,40
2026-04-01 01:00:00,legacy-001,3.3,Legacy Server,Legacy,260,650,1.0,6.0,2.6,1.8,No,Yes,20,40
2026-04-01 02:00:00,legacy-001,2.7,Legacy Server,Legacy,260,650,1.0,6.8,2.1,2.6,No,Yes,20,40
2026-04-01 03:00:00,legacy-001,3.5,Legacy Server,Legacy,260,650,1.0,4.5,2.3,2.9,No,Yes,20,40
2026-04-01 04:00:00,legacy-001,2.2,Legacy Server,Legacy,260,650,1.0,5.3,1.3,1.8,No,Yes,20,40
2026-04-01 05:00:00,legacy-001,3.5,Legacy Server,Legacy,260,650,1.0,9.1,1.1,1.8,No,Yes,20,40
2026-04-01 06:00:00,legacy-001,1.9,Legacy Server,Legacy,260,650,1.0,8.4,2.8,1.0,No,Yes,20,40
2026-04-01 07:00:00,legacy-001,2.5,Legacy Server,Legacy,260,650,1.0,7.4,0.9,2.3,No,Yes,20,40
2026-04-01 08:00:00,legacy-001,2.5,Legacy Server,Legacy,260,650,1.0,7.8,1.5,1.7,No,Yes,20,40
2026-04-01 09:00:00,legacy-001,2.4,Legacy Server,Legacy,260,650,1.0,6.4,1.3,3.3,No,Yes,20,40
2026-04-01 10:00:00,legacy-001,2.3,Legacy Server,Legacy,260,650,1.0,8.0,1.2,2.9,No,Yes,20,40
2026-04-01 11:00:00,legacy-001,2.4,Legacy Server,Legacy,260,650,1.0,7.7,0.2,1.1,No,Yes,20,40
2026-04-01 12:00:00,legacy-001,2.6,Legacy Server,Legacy,260,650,1.0,9.6,3.3,2.5,No,Yes,20,40
2026-04-01 13:00:00,legacy-001,1.1,Legacy Server,Legacy,260,650,1.0,6.2,0.9,1.5,No,Yes,20,40
2026-04-01 14:00:00,legacy-001,2.1,Legacy Server,Legacy,260,650,1.0,4.0,2.1,1.1,No,Yes,20,40
2026-04-01 15:00:00,legacy-001,4.2,Legacy Server,Legacy,260,650,1.0,5.6,0.0,1.8,No,Yes,20,40
2026-04-01 16:00:00,legacy-001,4.1,Legacy Server,Legacy,260,650,1.0,5.2,1.9,1.6,No,Yes,20,40
2026-04-01 17:00:00,legacy-001,4.6,Legacy Server,Legacy,260,650,1.0,4.7,1.7,2.4,No,Yes,20,40
2026-04-01 18:00:00,legacy-001,2.6,Legacy Server,Legacy,260,650,1.0,7.5,1.2,2.2,No,Yes,20,40
2026-04-01 19:00:00,legacy-001,3.0,Legacy Server,Legacy,260,650,1.0,6.4,1.8,2.0,No,Yes,20,40
2026-04-01 20:00:00,legacy-001,2.5,Legacy Server,Legacy,260,650,1.0,4.3,2.5,1.3,No,Yes,20,40
2026-04-01 21:00:00,legacy-001,2.0,Legacy Server,Legacy,260,650,1.0,9.1,0.0,4.5,No,Yes,20,40
2026-04-01 22:00:00,legacy-001,2.7,Legacy Server,Legacy,260,650,1.0,6.9,1.7,2.4,No,Yes,20,40
2026-04-01 23:00:00,legacy-001,2.9,Legacy Server,Legacy,260,650,1.0,7.1,1.3,1.9,No,Yes,20,40
2026-04-01 00:00:00,legacy-002,6.4,Legacy Server,Legacy,270,680,1.0,19.8,1.1,7.3,Yes,No,120,250
2026-04-01 01:00:00,legacy-002,5.0,Legacy Server,Legacy,270,680,1.0,16.8,9.2,7.9,Yes,No,120,250
2026-04-01 02:00:00,legacy-002,5.5,Legacy Server,Legacy,270,680,1.0,15.1,4.2,4.7,Yes,No,120,250
2026-04-01 03:00:00,legacy-002,6.1,Legacy Server,Legacy,270,680,1.0,19.5,8.5,7.0,Yes,No,120,250
2026-04-01 04:00:00,legacy-002,5.5,Legacy Server,Legacy,270,680,1.0,20.4,8.5,8.4,Yes,No,120,250
2026-04-01 05:00:00,legacy-002,5.4,Legacy Server,Legacy,270,680,1.0,21.2,6.9,4.2,Yes,No,120,250
2026-04-01 06:00:00,legacy-002,4.1,Legacy Server,Legacy,270,680,1.0,16.0,6.7,4.4,Yes,No,120,250
2026-04-01 07:00:00,legacy-002,2.7,Legacy Server,Legacy,270,680,1.0,18.6,7.0,4.4,Yes,No,120,250
2026-04-01 08:00:00,legacy-002,6.1,Legacy Server,Legacy,270,680,1.0,13.2,5.5,4.5,Yes,No,120,250
2026-04-01 09:00:00,legacy-002,6.0,Legacy Server,Legacy,270,680,1.0,17.4,6.5,2.0,Yes,No,120,250
2026-04-01 10:00:00,legacy-002,3.5,Legacy Server,Legacy,270,680,1.0,18.2,7.6,8.7,Yes,No,120,250
2026-04-01 11:00:00,legacy-002,1.4,Legacy Server,Legacy,270,680,1.0,18.6,10.6,8.5,Yes,No,120,250
2026-04-01 12:00:00,legacy-002,4.4,Legacy Server,Legacy,270,680,1.0,20.4,5.1,7.0,Yes,No,120,250
2026-04-01 13:00:00,legacy-002,6.3,Legacy Server,Legacy,270,680,1.0,26.3,7.8,5.0,Yes,No,120,250
2026-04-01 14:00:00,legacy-002,2.9,Legacy Server,Legacy,270,680,1.0,15.9,6.2,5.0,Yes,No,120,250
2026-04-01 15:00:00,legacy-002,4.0,Legacy Server,Legacy,270,680,1.0,21.4,7.0,6.0,Yes,No,120,250
2026-04-01 16:00:00,legacy-002,5.2,Legacy Server,Legacy,270,680,1.0,20.5,5.3,4.7,Yes,No,120,250
2026-04-01 17:00:00,legacy-002,3.4,Legacy Server,Legacy,270,680,1.0,15.5,6.0,7.7,Yes,No,120,250
2026-04-01 18:00:00,legacy-002,5.2,Legacy Server,Legacy,270,680,1.0,20.6,6.7,6.8,Yes,No,120,250
2026-04-01 19:00:00,legacy-002,5.3,Legacy Server,Legacy,270,680,1.0,16.3,2.1,5.7,Yes,No,120,250
2026-04-01 20:00:00,legacy-002,6.1,Legacy Server,Legacy,270,680,1.0,20.9,9.5,6.2,Yes,No,120,250
2026-04-01 21:00:00,legacy-002,4.3,Legacy Server,Legacy,270,680,1.0,17.1,8.2,8.4,Yes,No,120,250
2026-04-01 22:00:00,legacy-002,4.5,Legacy Server,Legacy,270,680,1.0,18.0,8.2,3.1,Yes,No,120,250
2026-04-01 23:00:00,legacy-002,4.3,Legacy Server,Legacy,270,680,1.0,14.3,6.0,5.7,Yes,No,120,250
2026-04-01 00:00:00,legacy-003,3.7,Legacy Server,Legacy,250,620,1.0,7.5,1.7,2.5,No,Yes,0,20
2026-04-01 01:00:00,legacy-003,3.3,Legacy Server,Legacy,250,620,1.0,6.9,2.0,1.1,No,Yes,0,20
2026-04-01 02:00:00,legacy-003,3.2,Legacy Server,Legacy,250,620,1.0,7.6,0.8,1.3,No,Yes,0,20
2026-04-01 03:00:00,legacy-003,1.5,Legacy Server,Legacy,250,620,1.0,9.5,0.8,2.5,No,Yes,0,20
2026-04-01 04:00:00,legacy-003,3.0,Legacy Server,Legacy,250,620,1.0,6.2,1.4,2.0,No,Yes,0,20
2026-04-01 05:00:00,legacy-003,3.1,Legacy Server,Legacy,250,620,1.0,6.2,1.3,1.2,No,Yes,0,20
2026-04-01 06:00:00,legacy-003,2.3,Legacy Server,Legacy,250,620,1.0,10.6,2.1,2.0,No,Yes,0,20
2026-04-01 07:00:00,legacy-003,2.5,Legacy Server,Legacy,250,620,1.0,7.8,0.6,2.9,No,Yes,0,20
2026-04-01 08:00:00,legacy-003,3.1,Legacy Server,Legacy,250,620,1.0,7.7,1.5,2.5,No,Yes,0,20
2026-04-01 09:00:00,legacy-003,2.2,Legacy Server,Legacy,250,620,1.0,6.1,1.6,3.2,No,Yes,0,20
2026-04-01 10:00:00,legacy-003,1.3,Legacy Server,Legacy,250,620,1.0,7.2,1.5,2.1,No,Yes,0,20
2026-04-01 11:00:00,legacy-003,2.3,Legacy Server,Legacy,250,620,1.0,9.2,0.2,1.3,No,Yes,0,20
2026-04-01 12:00:00,legacy-003,1.2,Legacy Server,Legacy,250,620,1.0,6.7,2.8,2.0,No,Yes,0,20
2026-04-01 13:00:00,legacy-003,1.5,Legacy Server,Legacy,250,620,1.0,6.1,1.2,1.7,No,Yes,0,20
2026-04-01 14:00:00,legacy-003,2.9,Legacy Server,Legacy,250,620,1.0,5.3,1.7,2.4,No,Yes,0,20
2026-04-01 15:00:00,legacy-003,3.8,Legacy Server,Legacy,250,620,1.0,5.5,0.9,1.0,No,Yes,0,20
2026-04-01 16:00:00,legacy-003,2.9,Legacy Server,Legacy,250,620,1.0,8.5,1.4,1.7,No,Yes,0,20
2026-04-01 17:00:00,legacy-003,1.8,Legacy Server,Legacy,250,620,1.0,10.1,0.2,2.1,No,Yes,0,20
2026-04-01 18:00:00,legacy-003,2.5,Legacy Server,Legacy,250,620,1.0,6.7,1.2,1.9,No,Yes,0,20
2026-04-01 19:00:00,legacy-003,0.7,Legacy Server,Legacy,250,620,1.0,9.3,0.4,1.8,No,Yes,0,20
2026-04-01 20:00:00,legacy-003,3.0,Legacy Server,Legacy,250,620,1.0,4.6,1.9,3.6,No,Yes,0,20
2026-04-01 21:00:00,legacy-003,2.7,Legacy Server,Legacy,250,620,1.0,6.0,1.8,2.0,No,Yes,0,20
2026-04-01 22:00:00,legacy-003,2.9,Legacy Server,Legacy,250,620,1.0,9.7,1.3,2.6,No,Yes,0,20
2026-04-01 23:00:00,legacy-003,1.7,Legacy Server,Legacy,250,620,1.0,7.7,2.7,2.3,No,Yes,0,20
2026-04-01 00:00:00,net-sw-001,35.0,Network Switch,Network,150,240,0.5,26.2,5.6,70.3,Yes,No,200,400
2026-04-01 01:00:00,net-sw-001,32.0,Network Switch,Network,150,240,0.5,30.8,4.6,64.6,Yes,No,200,400
2026-04-01 02:00:00,net-sw-001,30.5,Network Switch,Network,150,240,0.5,28.9,4.4,69.5,Yes,No,200,400
2026-04-01 03:00:00,net-sw-001,28.0,Network Switch,Network,150,240,0.5,34.0,6.4,61.4,Yes,No,200,400
2026-04-01 04:00:00,net-sw-001,30.1,Network Switch,Network,150,240,0.5,27.9,5.8,53.2,Yes,No,200,400
2026-04-01 05:00:00,net-sw-001,24.9,Network Switch,Network,150,240,0.5,32.2,5.0,59.3,Yes,No,200,400
2026-04-01 06:00:00,net-sw-001,28.4,Network Switch,Network,150,240,0.5,30.3,5.6,76.9,Yes,No,200,400
2026-04-01 07:00:00,net-sw-001,30.5,Network Switch,Network,150,240,0.5,30.3,4.1,57.0,Yes,No,200,400
2026-04-01 08:00:00,net-sw-001,29.9,Network Switch,Network,150,240,0.5,29.6,6.5,56.3,Yes,No,200,400
2026-04-01 09:00:00,net-sw-001,26.8,Network Switch,Network,150,240,0.5,31.1,5.9,62.5,Yes,No,200,400
2026-04-01 10:00:00,net-sw-001,31.4,Network Switch,Network,150,240,0.5,31.3,5.4,72.4,Yes,No,200,400
2026-04-01 11:00:00,net-sw-001,34.3,Network Switch,Network,150,240,0.5,33.6,3.2,66.9,Yes,No,200,400
2026-04-01 12:00:00,net-sw-001,34.8,Network Switch,Network,150,240,0.5,31.0,4.5,60.9,Yes,No,200,400
2026-04-01 13:00:00,net-sw-001,34.9,Network Switch,Network,150,240,0.5,26.7,5.7,58.1,Yes,No,200,400
2026-04-01 14:00:00,net-sw-001,39.9,Network Switch,Network,150,240,0.5,24.8,4.3,72.2,Yes,No,200,400
2026-04-01 15:00:00,net-sw-001,39.7,Network Switch,Network,150,240,0.5,31.4,5.8,63.5,Yes,No,200,400
2026-04-01 16:00:00,net-sw-001,44.8,Network Switch,Network,150,240,0.5,35.2,6.0,65.5,Yes,No,200,400
2026-04-01 17:00:00,net-sw-001,41.1,Network Switch,Network,150,240,0.5,31.6,5.4,73.4,Yes,No,200,400
2026-04-01 18:00:00,net-sw-001,40.0,Network Switch,Network,150,240,0.5,33.2,4.0,62.7,Yes,No,200,400
2026-04-01 19:00:00,net-sw-001,46.7,Network Switch,Network,150,240,0.5,39.3,5.6,63.9,Yes,No,200,400
2026-04-01 20:00:00,net-sw-001,43.7,Network Switch,Network,150,240,0.5,29.0,6.8,66.4,Yes,No,200,400
2026-04-01 21:00:00,net-sw-001,42.0,Network Switch,Network,150,240,0.5,31.3,5.8,61.3,Yes,No,200,400
2026-04-01 22:00:00,net-sw-001,36.8,Network Switch,Network,150,240,0.5,31.3,5.8,67.7,Yes,No,200,400
2026-04-01 23:00:00,net-sw-001,37.1,Network Switch,Network,150,240,0.5,32.0,3.9,62.7,Yes,No,200,400
2026-04-01 00:00:00,net-sw-002,36.7,Network Switch,Network,145,230,0.5,29.1,4.9,55.9,Yes,No,200,400
2026-04-01 01:00:00,net-sw-002,34.7,Network Switch,Network,145,230,0.5,31.7,5.5,65.3,Yes,No,200,400
2026-04-01 02:00:00,net-sw-002,29.7,Network Switch,Network,145,230,0.5,32.1,5.4,68.0,Yes,No,200,400
2026-04-01 03:00:00,net-sw-002,25.0,Network Switch,Network,145,230,0.5,33.3,4.5,59.8,Yes,No,200,400
2026-04-01 04:00:00,net-sw-002,27.3,Network Switch,Network,145,230,0.5,33.2,5.6,69.1,Yes,No,200,400
2026-04-01 05:00:00,net-sw-002,29.7,Network Switch,Network,145,230,0.5,30.8,4.6,65.9,Yes,No,200,400
2026-04-01 06:00:00,net-sw-002,27.8,Network Switch,Network,145,230,0.5,26.9,3.6,55.9,Yes,No,200,400
2026-04-01 07:00:00,net-sw-002,26.0,Network Switch,Network,145,230,0.5,34.6,4.5,54.8,Yes,No,200,400
2026-04-01 08:00:00,net-sw-002,30.5,Network Switch,Network,145,230,0.5,29.5,4.5,66.0,Yes,No,200,400
2026-04-01 09:00:00,net-sw-002,31.6,Network Switch,Network,145,230,0.5,34.3,4.6,57.0,Yes,No,200,400
2026-04-01 10:00:00,net-sw-002,31.5,Network Switch,Network,145,230,0.5,27.1,4.0,67.1,Yes,No,200,400
2026-04-01 11:00:00,net-sw-002,33.0,Network Switch,Network,145,230,0.5,27.7,4.8,59.5,Yes,No,200,400
2026-04-01 12:00:00,net-sw-002,37.1,Network Switch,Network,145,230,0.5,24.5,4.1,56.0,Yes,No,200,400
2026-04-01 13:00:00,net-sw-002,36.9,Network Switch,Network,145,230,0.5,25.7,4.1,59.0,Yes,No,200,400
2026-04-01 14:00:00,net-sw-002,39.1,Network Switch,Network,145,230,0.5,27.8,5.2,61.7,Yes,No,200,400
2026-04-01 15:00:00,net-sw-002,44.0,Network Switch,Network,145,230,0.5,34.0,3.7,70.0,Yes,No,200,400
2026-04-01 16:00:00,net-sw-002,39.6,Network Switch,Network,145,230,0.5,32.5,6.5,58.3,Yes,No,200,400
2026-04-01 17:00:00,net-sw-002,44.8,Network Switch,Network,145,230,0.5,30.8,5.6,67.0,Yes,No,200,400
2026-04-01 18:00:00,net-sw-002,40.3,Network Switch,Network,145,230,0.5,33.1,6.2,63.6,Yes,No,200,400
2026-04-01 19:00:00,net-sw-002,39.7,Network Switch,Network,145,230,0.5,31.5,5.6,64.6,Yes,No,200,400
2026-04-01 20:00:00,net-sw-002,41.3,Network Switch,Network,145,230,0.5,31.7,4.0,64.9,Yes,No,200,400
2026-04-01 21:00:00,net-sw-002,41.1,Network Switch,Network,145,230,0.5,28.9,4.9,70.0,Yes,No,200,400
2026-04-01 22:00:00,net-sw-002,35.8,Network Switch,Network,145,230,0.5,35.2,6.4,57.2,Yes,No,200,400
2026-04-01 23:00:00,net-sw-002,36.1,Network Switch,Network,145,230,0.5,30.8,5.3,63.6,Yes,No,200,400
2026-04-01 00:00:00,mgmt-001,10.6,Management Host,Management,160,420,1.0,25.3,8.3,11.9,Yes,No,100,180
2026-04-01 01:00:00,mgmt-001,13.4,Management Host,Management,160,420,1.0,32.5,8.8,12.5,Yes,No,100,180
2026-04-01 02:00:00,mgmt-001,12.9,Management Host,Management,160,420,1.0,28.2,11.5,13.0,Yes,No,100,180
2026-04-01 03:00:00,mgmt-001,13.7,Management Host,Management,160,420,1.0,30.7,8.5,12.1,Yes,No,100,180
2026-04-01 04:00:00,mgmt-001,11.6,Management Host,Management,160,420,1.0,31.2,14.7,10.4,Yes,No,100,180
2026-04-01 05:00:00,mgmt-001,12.6,Management Host,Management,160,420,1.0,30.2,9.5,14.9,Yes,No,100,180
2026-04-01 06:00:00,mgmt-001,13.4,Management Host,Management,160,420,1.0,26.2,13.4,16.0,Yes,No,100,180
2026-04-01 07:00:00,mgmt-001,10.9,Management Host,Management,160,420,1.0,30.6,9.2,11.9,Yes,No,100,180
2026-04-01 08:00:00,mgmt-001,8.2,Management Host,Management,160,420,1.0,28.0,8.6,11.0,Yes,No,100,180
2026-04-01 09:00:00,mgmt-001,9.5,Management Host,Management,160,420,1.0,30.4,9.4,11.4,Yes,No,100,180
2026-04-01 10:00:00,mgmt-001,12.7,Management Host,Management,160,420,1.0,29.7,11.9,11.3,Yes,No,100,180
2026-04-01 11:00:00,mgmt-001,9.8,Management Host,Management,160,420,1.0,25.5,15.9,14.5,Yes,No,100,180
2026-04-01 12:00:00,mgmt-001,9.4,Management Host,Management,160,420,1.0,29.4,11.1,13.1,Yes,No,100,180
2026-04-01 13:00:00,mgmt-001,11.7,Management Host,Management,160,420,1.0,29.0,10.2,7.6,Yes,No,100,180
2026-04-01 14:00:00,mgmt-001,10.3,Management Host,Management,160,420,1.0,28.5,16.0,12.7,Yes,No,100,180
2026-04-01 15:00:00,mgmt-001,13.8,Management Host,Management,160,420,1.0,29.4,10.8,13.2,Yes,No,100,180
2026-04-01 16:00:00,mgmt-001,9.7,Management Host,Management,160,420,1.0,29.4,8.1,13.1,Yes,No,100,180
2026-04-01 17:00:00,mgmt-001,11.2,Management Host,Management,160,420,1.0,27.1,12.0,13.8,Yes,No,100,180
2026-04-01 18:00:00,mgmt-001,12.1,Management Host,Management,160,420,1.0,25.9,7.5,11.6,Yes,No,100,180
2026-04-01 19:00:00,mgmt-001,16.9,Management Host,Management,160,420,1.0,29.3,7.2,10.9,Yes,No,100,180
2026-04-01 20:00:00,mgmt-001,16.2,Management Host,Management,160,420,1.0,23.2,6.2,15.7,Yes,No,100,180
2026-04-01 21:00:00,mgmt-001,10.3,Management Host,Management,160,420,1.0,29.6,4.7,12.0,Yes,No,100,180
2026-04-01 22:00:00,mgmt-001,13.8,Management Host,Management,160,420,1.0,25.0,10.2,10.1,Yes,No,100,180
2026-04-01 23:00:00,mgmt-001,10.2,Management Host,Management,160,420,1.0,26.8,8.0,13.3,Yes,No,100,180
2026-04-01 00:00:00,mgmt-002,11.5,Management Host,Management,155,410,1.0,28.1,7.1,11.4,No,Yes,20,40
2026-04-01 01:00:00,mgmt-002,17.2,Management Host,Management,155,410,1.0,24.7,12.9,14.0,No,Yes,20,40
2026-04-01 02:00:00,mgmt-002,15.5,Management Host,Management,155,410,1.0,29.1,10.8,11.9,No,Yes,20,40
2026-04-01 03:00:00,mgmt-002,14.2,Management Host,Management,155,410,1.0,26.1,7.4,11.6,No,Yes,20,40
2026-04-01 04:00:00,mgmt-002,11.9,Management Host,Management,155,410,1.0,31.7,9.1,11.9,No,Yes,20,40
2026-04-01 05:00:00,mgmt-002,13.7,Management Host,Management,155,410,1.0,21.3,8.8,12.4,No,Yes,20,40
2026-04-01 06:00:00,mgmt-002,11.0,Management Host,Management,155,410,1.0,22.4,11.2,10.7,No,Yes,20,40
2026-04-01 07:00:00,mgmt-002,10.8,Management Host,Management,155,410,1.0,27.4,8.8,7.6,No,Yes,20,40
2026-04-01 08:00:00,mgmt-002,14.5,Management Host,Management,155,410,1.0,30.0,7.7,11.6,No,Yes,20,40
2026-04-01 09:00:00,mgmt-002,13.2,Management Host,Management,155,410,1.0,30.0,8.5,12.2,No,Yes,20,40
2026-04-01 10:00:00,mgmt-002,14.9,Management Host,Management,155,410,1.0,30.1,11.6,12.2,No,Yes,20,40
2026-04-01 11:00:00,mgmt-002,12.8,Management Host,Management,155,410,1.0,25.4,12.8,13.4,No,Yes,20,40
2026-04-01 12:00:00,mgmt-002,11.0,Management Host,Management,155,410,1.0,28.9,10.9,12.4,No,Yes,20,40
2026-04-01 13:00:00,mgmt-002,15.4,Management Host,Management,155,410,1.0,31.2,10.4,13.9,No,Yes,20,40
2026-04-01 14:00:00,mgmt-002,12.8,Management Host,Management,155,410,1.0,33.4,9.6,10.3,No,Yes,20,40
2026-04-01 15:00:00,mgmt-002,9.8,Management Host,Management,155,410,1.0,25.6,9.3,9.2,No,Yes,20,40
2026-04-01 16:00:00,mgmt-002,13.8,Management Host,Management,155,410,1.0,25.3,13.0,13.0,No,Yes,20,40
2026-04-01 17:00:00,mgmt-002,10.7,Management Host,Management,155,410,1.0,30.6,7.8,13.8,No,Yes,20,40
2026-04-01 18:00:00,mgmt-002,13.1,Management Host,Management,155,410,1.0,24.5,8.2,13.2,No,Yes,20,40
2026-04-01 19:00:00,mgmt-002,12.9,Management Host,Management,155,410,1.0,23.9,11.7,9.5,No,Yes,20,40
2026-04-01 20:00:00,mgmt-002,13.3,Management Host,Management,155,410,1.0,25.9,11.2,12.5,No,Yes,20,40
2026-04-01 21:00:00,mgmt-002,10.0,Management Host,Management,155,410,1.0,22.1,10.7,8.9,No,Yes,20,40
2026-04-01 22:00:00,mgmt-002,11.5,Management Host,Management,155,410,1.0,30.0,9.4,11.3,No,Yes,20,40
2026-04-01 23:00:00,mgmt-002,12.7,Management Host,Management,155,410,1.0,28.9,10.9,8.9,No,Yes,20,40
2026-04-01 00:00:00,vm-host-001,36.6,Virtualization Host,Virtualization,260,720,2.0,47.4,14.9,21.3,Yes,Yes,60,100
2026-04-01 01:00:00,vm-host-001,34.2,Virtualization Host,Virtualization,260,720,2.0,44.5,19.0,26.3,Yes,Yes,60,100
2026-04-01 02:00:00,vm-host-001,36.2,Virtualization Host,Virtualization,260,720,2.0,39.8,19.9,26.0,Yes,Yes,60,100
2026-04-01 03:00:00,vm-host-001,35.0,Virtualization Host,Virtualization,260,720,2.0,49.4,24.0,25.1,Yes,Yes,60,100
2026-04-01 04:00:00,vm-host-001,35.6,Virtualization Host,Virtualization,260,720,2.0,49.2,18.4,22.1,Yes,Yes,60,100
2026-04-01 05:00:00,vm-host-001,35.6,Virtualization Host,Virtualization,260,720,2.0,51.3,15.5,26.6,Yes,Yes,60,100
2026-04-01 06:00:00,vm-host-001,39.0,Virtualization Host,Virtualization,260,720,2.0,39.4,19.1,15.7,Yes,Yes,60,100
2026-04-01 07:00:00,vm-host-001,41.2,Virtualization Host,Virtualization,260,720,2.0,48.5,16.2,22.4,Yes,Yes,60,100
2026-04-01 08:00:00,vm-host-001,45.9,Virtualization Host,Virtualization,260,720,2.0,43.0,14.8,26.4,Yes,Yes,60,100
2026-04-01 09:00:00,vm-host-001,48.0,Virtualization Host,Virtualization,260,720,2.0,45.0,21.0,26.0,Yes,Yes,60,100
2026-04-01 10:00:00,vm-host-001,44.5,Virtualization Host,Virtualization,260,720,2.0,43.1,21.7,27.1,Yes,Yes,60,100
2026-04-01 11:00:00,vm-host-001,48.8,Virtualization Host,Virtualization,260,720,2.0,41.5,24.0,20.4,Yes,Yes,60,100
2026-04-01 12:00:00,vm-host-001,48.3,Virtualization Host,Virtualization,260,720,2.0,46.4,22.7,24.6,Yes,Yes,60,100
2026-04-01 13:00:00,vm-host-001,50.6,Virtualization Host,Virtualization,260,720,2.0,46.9,18.1,23.7,Yes,Yes,60,100
2026-04-01 14:00:00,vm-host-001,44.9,Virtualization Host,Virtualization,260,720,2.0,43.8,18.7,18.5,Yes,Yes,60,100
2026-04-01 15:00:00,vm-host-001,50.5,Virtualization Host,Virtualization,260,720,2.0,44.2,23.3,26.7,Yes,Yes,60,100
2026-04-01 16:00:00,vm-host-001,48.0,Virtualization Host,Virtualization,260,720,2.0,44.4,17.8,20.6,Yes,Yes,60,100
2026-04-01 17:00:00,vm-host-001,48.0,Virtualization Host,Virtualization,260,720,2.0,42.0,14.6,23.9,Yes,Yes,60,100
2026-04-01 18:00:00,vm-host-001,47.3,Virtualization Host,Virtualization,260,720,2.0,41.8,20.7,20.1,Yes,Yes,60,100
2026-04-01 19:00:00,vm-host-001,44.6,Virtualization Host,Virtualization,260,720,2.0,48.3,17.9,23.4,Yes,Yes,60,100
2026-04-01 20:00:00,vm-host-001,41.0,Virtualization Host,Virtualization,260,720,2.0,44.2,17.4,19.8,Yes,Yes,60,100
2026-04-01 21:00:00,vm-host-001,39.6,Virtualization Host,Virtualization,260,720,2.0,38.8,16.5,21.1,Yes,Yes,60,100
2026-04-01 22:00:00,vm-host-001,37.5,Virtualization Host,Virtualization,260,720,2.0,44.0,17.8,23.4,Yes,Yes,60,100
2026-04-01 23:00:00,vm-host-001,38.1,Virtualization Host,Virtualization,260,720,2.0,42.4,14.4,18.9,Yes,Yes,60,100
2026-04-01 00:00:00,vm-host-002,24.0,Virtualization Host,Virtualization,255,700,2.0,37.0,15.3,18.4,No,Yes,40,60
2026-04-01 01:00:00,vm-host-002,24.1,Virtualization Host,Virtualization,255,700,2.0,38.6,18.0,19.9,No,Yes,40,60
2026-04-01 02:00:00,vm-host-002,24.2,Virtualization Host,Virtualization,255,700,2.0,35.4,16.8,19.3,No,Yes,40,60
2026-04-01 03:00:00,vm-host-002,26.1,Virtualization Host,Virtualization,255,700,2.0,34.3,16.5,22.1,No,Yes,40,60
2026-04-01 04:00:00,vm-host-002,25.4,Virtualization Host,Virtualization,255,700,2.0,47.1,17.8,19.3,No,Yes,40,60
2026-04-01 05:00:00,vm-host-002,24.8,Virtualization Host,Virtualization,255,700,2.0,33.3,16.8,19.5,No,Yes,40,60
2026-04-01 06:00:00,vm-host-002,26.8,Virtualization Host,Virtualization,255,700,2.0,38.5,17.1,20.4,No,Yes,40,60
2026-04-01 07:00:00,vm-host-002,28.5,Virtualization Host,Virtualization,255,700,2.0,40.4,21.4,23.7,No,Yes,40,60
2026-04-01 08:00:00,vm-host-002,26.0,Virtualization Host,Virtualization,255,700,2.0,40.6,18.0,17.6,No,Yes,40,60
2026-04-01 09:00:00,vm-host-002,59.4,Virtualization Host,Virtualization,255,700,2.0,67.1,23.8,27.1,No,Yes,40,60
2026-04-01 10:00:00,vm-host-002,59.9,Virtualization Host,Virtualization,255,700,2.0,70.0,26.5,29.8,No,Yes,40,60
2026-04-01 11:00:00,vm-host-002,61.9,Virtualization Host,Virtualization,255,700,2.0,65.3,21.0,28.6,No,Yes,40,60
2026-04-01 12:00:00,vm-host-002,63.1,Virtualization Host,Virtualization,255,700,2.0,66.5,24.1,30.2,No,Yes,40,60
2026-04-01 13:00:00,vm-host-002,63.8,Virtualization Host,Virtualization,255,700,2.0,72.7,29.2,30.6,No,Yes,40,60
2026-04-01 14:00:00,vm-host-002,60.6,Virtualization Host,Virtualization,255,700,2.0,60.9,27.1,27.8,No,Yes,40,60
2026-04-01 15:00:00,vm-host-002,60.4,Virtualization Host,Virtualization,255,700,2.0,62.0,22.9,28.4,No,Yes,40,60
2026-04-01 16:00:00,vm-host-002,58.8,Virtualization Host,Virtualization,255,700,2.0,62.5,22.7,31.4,No,Yes,40,60
2026-04-01 17:00:00,vm-host-002,57.8,Virtualization Host,Virtualization,255,700,2.0,64.0,26.0,28.4,No,Yes,40,60
2026-04-01 18:00:00,vm-host-002,58.6,Virtualization Host,Virtualization,255,700,2.0,63.2,26.1,30.0,No,Yes,40,60
2026-04-01 19:00:00,vm-host-002,31.9,Virtualization Host,Virtualization,255,700,2.0,45.4,16.2,24.3,No,Yes,40,60
2026-04-01 20:00:00,vm-host-002,33.8,Virtualization Host,Virtualization,255,700,2.0,44.4,17.1,21.7,No,Yes,40,60
2026-04-01 21:00:00,vm-host-002,34.1,Virtualization Host,Virtualization,255,700,2.0,49.2,17.5,24.4,No,Yes,40,60
2026-04-01 22:00:00,vm-host-002,28.8,Virtualization Host,Virtualization,255,700,2.0,39.9,17.7,20.4,No,Yes,40,60
2026-04-01 23:00:00,vm-host-002,23.1,Virtualization Host,Virtualization,255,700,2.0,35.3,17.2,20.4,No,Yes,40,60
2026-04-01 00:00:00,vm-host-003,0.8,Virtualization Host,Virtualization,250,690,2.0,6.1,1.9,0.0,No,Yes,0,0
2026-04-01 01:00:00,vm-host-003,2.1,Virtualization Host,Virtualization,250,690,2.0,9.1,1.2,2.3,No,Yes,0,0
2026-04-01 02:00:00,vm-host-003,0.8,Virtualization Host,Virtualization,250,690,2.0,8.2,1.7,2.4,No,Yes,0,0
2026-04-01 03:00:00,vm-host-003,0.8,Virtualization Host,Virtualization,250,690,2.0,9.6,1.3,2.2,No,Yes,0,0
2026-04-01 04:00:00,vm-host-003,2.2,Virtualization Host,Virtualization,250,690,2.0,6.1,1.8,0.8,No,Yes,0,0
2026-04-01 05:00:00,vm-host-003,2.2,Virtualization Host,Virtualization,250,690,2.0,5.3,1.1,3.0,No,Yes,0,0
2026-04-01 06:00:00,vm-host-003,2.8,Virtualization Host,Virtualization,250,690,2.0,5.9,2.1,2.5,No,Yes,0,0
2026-04-01 07:00:00,vm-host-003,2.4,Virtualization Host,Virtualization,250,690,2.0,8.0,1.6,3.0,No,Yes,0,0
2026-04-01 08:00:00,vm-host-003,3.1,Virtualization Host,Virtualization,250,690,2.0,6.7,1.4,2.1,No,Yes,0,0
2026-04-01 09:00:00,vm-host-003,2.4,Virtualization Host,Virtualization,250,690,2.0,7.3,2.8,2.8,No,Yes,0,0
2026-04-01 10:00:00,vm-host-003,2.1,Virtualization Host,Virtualization,250,690,2.0,5.7,2.3,2.7,No,Yes,0,0
2026-04-01 11:00:00,vm-host-003,2.0,Virtualization Host,Virtualization,250,690,2.0,6.7,0.2,1.7,No,Yes,0,0
2026-04-01 12:00:00,vm-host-003,2.1,Virtualization Host,Virtualization,250,690,2.0,8.0,1.3,2.3,No,Yes,0,0
2026-04-01 13:00:00,vm-host-003,2.6,Virtualization Host,Virtualization,250,690,2.0,2.5,1.4,0.7,No,Yes,0,0
2026-04-01 14:00:00,vm-host-003,3.1,Virtualization Host,Virtualization,250,690,2.0,7.7,2.7,1.2,No,Yes,0,0
2026-04-01 15:00:00,vm-host-003,3.2,Virtualization Host,Virtualization,250,690,2.0,6.6,2.4,1.1,No,Yes,0,0
2026-04-01 16:00:00,vm-host-003,2.0,Virtualization Host,Virtualization,250,690,2.0,6.2,0.7,3.0,No,Yes,0,0
2026-04-01 17:00:00,vm-host-003,2.8,Virtualization Host,Virtualization,250,690,2.0,6.1,0.0,2.2,No,Yes,0,0
2026-04-01 18:00:00,vm-host-003,2.4,Virtualization Host,Virtualization,250,690,2.0,4.9,3.1,2.7,No,Yes,0,0
2026-04-01 19:00:00,vm-host-003,3.5,Virtualization Host,Virtualization,250,690,2.0,5.7,1.9,2.2,No,Yes,0,0
2026-04-01 20:00:00,vm-host-003,3.5,Virtualization Host,Virtualization,250,690,2.0,8.1,1.7,0.7,No,Yes,0,0
2026-04-01 21:00:00,vm-host-003,2.4,Virtualization Host,Virtualization,250,690,2.0,7.1,0.6,3.9,No,Yes,0,0
2026-04-01 22:00:00,vm-host-003,3.0,Virtualization Host,Virtualization,250,690,2.0,7.1,1.3,1.2,No,Yes,0,0
2026-04-01 23:00:00,vm-host-003,2.7,Virtualization Host,Virtualization,250,690,2.0,5.1,1.8,1.9,No,Yes,0,0
2026-04-01 00:00:00,lab-001,3.3,Lab Server,Lab,190,500,1.0,20.8,11.8,11.1,No,Yes,0,0
2026-04-01 01:00:00,lab-001,6.0,Lab Server,Lab,190,500,1.0,17.4,10.2,9.1,No,Yes,0,0
2026-04-01 02:00:00,lab-001,7.7,Lab Server,Lab,190,500,1.0,18.1,5.2,8.8,No,Yes,0,0
2026-04-01 03:00:00,lab-001,2.0,Lab Server,Lab,190,500,1.0,13.5,7.1,11.1,No,Yes,0,0
2026-04-01 04:00:00,lab-001,4.1,Lab Server,Lab,190,500,1.0,20.8,10.3,6.3,No,Yes,0,0
2026-04-01 05:00:00,lab-001,5.4,Lab Server,Lab,190,500,1.0,23.3,7.0,10.1,No,Yes,0,0
2026-04-01 06:00:00,lab-001,3.7,Lab Server,Lab,190,500,1.0,23.4,6.0,10.1,No,Yes,0,0
2026-04-01 07:00:00,lab-001,4.3,Lab Server,Lab,190,500,1.0,22.5,6.1,9.6,No,Yes,0,0
2026-04-01 08:00:00,lab-001,5.3,Lab Server,Lab,190,500,1.0,20.2,8.4,11.4,No,Yes,0,0
2026-04-01 09:00:00,lab-001,7.3,Lab Server,Lab,190,500,1.0,21.0,8.9,12.4,No,Yes,0,0
2026-04-01 10:00:00,lab-001,16.6,Lab Server,Lab,190,500,1.0,21.1,6.4,13.5,No,Yes,0,0
2026-04-01 11:00:00,lab-001,16.9,Lab Server,Lab,190,500,1.0,22.6,5.6,9.2,No,Yes,0,0
2026-04-01 12:00:00,lab-001,17.3,Lab Server,Lab,190,500,1.0,21.7,6.9,7.0,No,Yes,0,0
2026-04-01 13:00:00,lab-001,21.5,Lab Server,Lab,190,500,1.0,22.1,8.5,11.4,No,Yes,0,0
2026-04-01 14:00:00,lab-001,21.4,Lab Server,Lab,190,500,1.0,22.6,11.3,8.5,No,Yes,0,0
2026-04-01 15:00:00,lab-001,19.6,Lab Server,Lab,190,500,1.0,23.7,8.5,9.5,No,Yes,0,0
2026-04-01 16:00:00,lab-001,18.3,Lab Server,Lab,190,500,1.0,16.1,5.8,9.6,No,Yes,0,0
2026-04-01 17:00:00,lab-001,17.9,Lab Server,Lab,190,500,1.0,25.7,4.1,10.3,No,Yes,0,0
2026-04-01 18:00:00,lab-001,6.5,Lab Server,Lab,190,500,1.0,21.7,8.8,8.3,No,Yes,0,0
2026-04-01 19:00:00,lab-001,7.1,Lab Server,Lab,190,500,1.0,23.8,7.7,11.2,No,Yes,0,0
2026-04-01 20:00:00,lab-001,6.7,Lab Server,Lab,190,500,1.0,26.9,10.1,8.5,No,Yes,0,0
2026-04-01 21:00:00,lab-001,2.4,Lab Server,Lab,190,500,1.0,23.7,8.9,6.3,No,Yes,0,0
2026-04-01 22:00:00,lab-001,4.4,Lab Server,Lab,190,500,1.0,21.1,5.6,10.8,No,Yes,0,0
2026-04-01 23:00:00,lab-001,4.6,Lab Server,Lab,190,500,1.0,19.7,10.1,13.3,No,Yes,0,0
2026-04-01 00:00:00,lab-002,2.0,Lab Server,Lab,185,480,1.0,7.7,1.2,1.9,No,Yes,10,10
2026-04-01 01:00:00,lab-002,1.0,Lab Server,Lab,185,480,1.0,9.0,1.6,1.7,No,Yes,10,10
2026-04-01 02:00:00,lab-002,2.5,Lab Server,Lab,185,480,1.0,4.4,2.7,2.0,No,Yes,10,10
2026-04-01 03:00:00,lab-002,3.3,Lab Server,Lab,185,480,1.0,5.5,1.9,1.8,No,Yes,10,10
2026-04-01 04:00:00,lab-002,0.8,Lab Server,Lab,185,480,1.0,6.9,1.0,2.3,No,Yes,10,10
2026-04-01 05:00:00,lab-002,1.9,Lab Server,Lab,185,480,1.0,5.9,1.4,1.3,No,Yes,10,10
2026-04-01 06:00:00,lab-002,2.2,Lab Server,Lab,185,480,1.0,2.6,1.2,1.2,No,Yes,10,10
2026-04-01 07:00:00,lab-002,1.5,Lab Server,Lab,185,480,1.0,7.2,2.6,2.3,No,Yes,10,10
2026-04-01 08:00:00,lab-002,2.9,Lab Server,Lab,185,480,1.0,6.3,0.9,1.1,No,Yes,10,10
2026-04-01 09:00:00,lab-002,2.2,Lab Server,Lab,185,480,1.0,7.2,1.4,1.7,No,Yes,10,10
2026-04-01 10:00:00,lab-002,3.0,Lab Server,Lab,185,480,1.0,5.0,2.1,1.2,No,Yes,10,10
2026-04-01 11:00:00,lab-002,1.3,Lab Server,Lab,185,480,1.0,6.2,2.3,2.4,No,Yes,10,10
2026-04-01 12:00:00,lab-002,2.9,Lab Server,Lab,185,480,1.0,5.3,1.2,1.4,No,Yes,10,10
2026-04-01 13:00:00,lab-002,1.5,Lab Server,Lab,185,480,1.0,8.3,2.2,3.5,No,Yes,10,10
2026-04-01 14:00:00,lab-002,3.1,Lab Server,Lab,185,480,1.0,10.4,1.0,0.8,No,Yes,10,10
2026-04-01 15:00:00,lab-002,3.1,Lab Server,Lab,185,480,1.0,4.2,1.2,2.3,No,Yes,10,10
2026-04-01 16:00:00,lab-002,2.8,Lab Server,Lab,185,480,1.0,7.3,2.5,1.2,No,Yes,10,10
2026-04-01 17:00:00,lab-002,1.9,Lab Server,Lab,185,480,1.0,8.2,2.2,2.4,No,Yes,10,10
2026-04-01 18:00:00,lab-002,1.6,Lab Server,Lab,185,480,1.0,9.5,2.7,2.6,No,Yes,10,10
2026-04-01 19:00:00,lab-002,1.2,Lab Server,Lab,185,480,1.0,6.2,0.9,2.6,No,Yes,10,10
2026-04-01 20:00:00,lab-002,3.1,Lab Server,Lab,185,480,1.0,9.1,2.1,2.2,No,Yes,10,10
2026-04-01 21:00:00,lab-002,1.8,Lab Server,Lab,185,480,1.0,8.9,2.1,2.0,No,Yes,10,10
2026-04-01 22:00:00,lab-002,0.9,Lab Server,Lab,185,480,1.0,5.4,3.0,1.0,No,Yes,10,10
2026-04-01 23:00:00,lab-002,3.3,Lab Server,Lab,185,480,1.0,5.1,1.6,2.8,No,Yes,10,10
2026-04-01 00:00:00,monitor-001,13.3,Monitoring Server,Monitoring,170,430,1.0,27.0,25.2,27.3,Yes,No,80,180
2026-04-01 01:00:00,monitor-001,9.7,Monitoring Server,Monitoring,170,430,1.0,29.8,22.7,20.6,Yes,No,80,180
2026-04-01 02:00:00,monitor-001,9.4,Monitoring Server,Monitoring,170,430,1.0,33.9,25.2,29.5,Yes,No,80,180
2026-04-01 03:00:00,monitor-001,7.7,Monitoring Server,Monitoring,170,430,1.0,29.9,25.6,33.7,Yes,No,80,180
2026-04-01 04:00:00,monitor-001,9.1,Monitoring Server,Monitoring,170,430,1.0,29.3,25.5,30.7,Yes,No,80,180
2026-04-01 05:00:00,monitor-001,7.7,Monitoring Server,Monitoring,170,430,1.0,30.9,22.7,30.6,Yes,No,80,180
2026-04-01 06:00:00,monitor-001,7.7,Monitoring Server,Monitoring,170,430,1.0,34.6,24.2,24.3,Yes,No,80,180
2026-04-01 07:00:00,monitor-001,10.8,Monitoring Server,Monitoring,170,430,1.0,32.4,22.2,30.2,Yes,No,80,180
2026-04-01 08:00:00,monitor-001,9.0,Monitoring Server,Monitoring,170,430,1.0,25.5,24.6,21.8,Yes,No,80,180
2026-04-01 09:00:00,monitor-001,8.5,Monitoring Server,Monitoring,170,430,1.0,31.4,20.1,26.8,Yes,No,80,180
2026-04-01 10:00:00,monitor-001,5.3,Monitoring Server,Monitoring,170,430,1.0,35.8,23.0,23.2,Yes,No,80,180
2026-04-01 11:00:00,monitor-001,11.5,Monitoring Server,Monitoring,170,430,1.0,29.2,18.5,32.5,Yes,No,80,180
2026-04-01 12:00:00,monitor-001,7.6,Monitoring Server,Monitoring,170,430,1.0,32.6,18.9,32.4,Yes,No,80,180
2026-04-01 13:00:00,monitor-001,9.8,Monitoring Server,Monitoring,170,430,1.0,33.1,27.3,28.0,Yes,No,80,180
2026-04-01 14:00:00,monitor-001,9.7,Monitoring Server,Monitoring,170,430,1.0,38.3,19.0,26.6,Yes,No,80,180
2026-04-01 15:00:00,monitor-001,8.9,Monitoring Server,Monitoring,170,430,1.0,29.1,25.4,37.3,Yes,No,80,180
2026-04-01 16:00:00,monitor-001,7.6,Monitoring Server,Monitoring,170,430,1.0,27.4,22.8,32.4,Yes,No,80,180
2026-04-01 17:00:00,monitor-001,9.0,Monitoring Server,Monitoring,170,430,1.0,30.2,18.7,31.3,Yes,No,80,180
2026-04-01 18:00:00,monitor-001,6.7,Monitoring Server,Monitoring,170,430,1.0,36.8,23.7,33.6,Yes,No,80,180
2026-04-01 19:00:00,monitor-001,7.0,Monitoring Server,Monitoring,170,430,1.0,31.6,23.5,35.2,Yes,No,80,180
2026-04-01 20:00:00,monitor-001,8.6,Monitoring Server,Monitoring,170,430,1.0,28.9,25.7,24.1,Yes,No,80,180
2026-04-01 21:00:00,monitor-001,8.6,Monitoring Server,Monitoring,170,430,1.0,36.8,24.0,27.5,Yes,No,80,180
2026-04-01 22:00:00,monitor-001,8.5,Monitoring Server,Monitoring,170,430,1.0,33.3,22.2,25.6,Yes,No,80,180
2026-04-01 23:00:00,monitor-001,9.1,Monitoring Server,Monitoring,170,430,1.0,25.6,23.4,24.1,Yes,No,80,180
